patient_id,atc_code,nac_code,dispensing_date,containers_number,prescription_date_ini,prescription_date_end
YwaVWEIeNmbPrGGhjfaz,B05E ,tSMhhTiqlCsZiXzmUOqb,2003-11-18,8657,2011-12-01,2013-09-22
YdCyFeEoCHzsmWxBbAah,N04BC06 ,VwQggsmlwvqREtJuyqzk,2022-08-29,2106,1934-01-11,2015-12-24
ytcEiChWOXhpcoPjiXiR,J05AP51 ,nlzBfpIpGqqPiSSkrbTi,2023-02-04,7765,1979-05-20,1996-02-28
cusrQyOyQTwOQpgjwgBR,C03AX91 ,GlnoXhivgTnFbyHAVlDc,1997-11-10,9989,2010-01-06,2013-10-14
zQIHrKQiVoiRLPxducob,A01AD11 ,jsYvPUloEAGuAccoEeCC,2010-08-20,5343,1939-07-20,1992-01-05
AeWKqXdndwkuKUAQsSAK,G03AA03 ,nfunuoyQTveMkxVIphgm,2005-01-17,8824,1917-08-29,1932-02-24
jEpQBzOCrgGWRdqaJHNh,C07DB01 ,KWmaRkLbsGsPShkwcOoA,2022-09-17,5198,1976-03-08,2017-10-07
lwMkQtTXBVvJSRenvSof,L02AE05 ,qbNfhPSBHbCVyQwdZdDu,2000-05-19,2117,1918-03-01,1989-02-06
tlLEcTwOiqduwJyuyotF,M02AA06 ,VGcKtkYDVlchjlysqUbD,2010-08-14,5422,2008-10-20,2011-05-02
kAWxIIPLIftPdhVEYNZp,J01DA01 ,HQtMKMTBGmrgBPbSObDg,2006-07-03,2607,1989-12-07,2003-12-02
JrXpkQoBFrrqnNECQnhb,G01AX91 ,FobLJVSYaYocGwYYIrJB,2018-10-15,2336,1982-05-18,2013-06-29
bZYIZAwAdNpKVlAHQJrD,J03B ,SlRHUpXwgNNmheADJzrL,1999-12-25,2988,1968-10-14,2015-05-16
izWXhBGhXmiAAOSqKDBF,C09BB05 ,rvroMeHaWjCDxyBQNeik,1997-01-28,9349,1920-02-24,1983-02-21
xtWNJUFdlPsWJtzcxepW,A04AD12 ,kdhnqJGtuQSTcxZPUdmj,1997-09-27,4744,1956-09-13,1994-02-26
hJHKPSstjHlkZGLAgVHc,M01AX25 ,gugBjUUFZSDhIKFzzfeD,2021-07-04,4482,1965-10-23,1979-11-08
VyFtuOmaqZgFSBEBqsWL,A12AX96 ,djoIiwepNRfEaajbLkld,2002-11-22,9219,1983-11-15,1985-09-23
HxVTYCvjoTjXESBNERAL,L01XE10 ,UsHkCbSQdKOeJxRPprmM,1997-04-16,3879,1992-09-03,2002-04-26
PtfJSRgOzCgOmKrXKsCj,A01AC03 ,hNdgqjNCxsVTWSCElMaj,2000-06-21,9151,1973-02-19,1976-02-29
yWWqwBCZekFrtKkbYqfc,H02AB13 ,CbVwglBTcccwnoeXCbbA,2002-11-16,1968,1972-04-01,1982-10-23
JwrYWLUiYaFVVKWFiVkx,R01AA07 ,XZZqyTpoThcaNjjgimrK,2015-10-09,3526,1918-09-08,1951-05-28
xArnUuJzmoYVimXVsCwx,L03AB11 ,mMfQyjLUKkLrduQjCSOg,1997-08-29,2690,1974-11-15,2009-07-27
COLLdmHLzOXKRrQAPJpO,A16AA04 ,IIgCPCWwdSxepaYGyZDp,2016-09-14,8301,1920-01-02,2014-07-29
PAhtjhpzPFnVXSyTiPlm,05G00 ,OOXeFWQgVYLLDOVtjzLf,2007-03-17,6055,1911-07-25,1942-04-30
dQQRDhulDhlLGJAsjlCa,B01AB01 ,fshsPSFXgIbYDLnBOElE,1999-02-11,4135,1914-06-05,1996-02-19
swJavvXHANOODpEbKgYD,B02BX05 ,MUOFgBopUMeoOhcuAYVf,1994-12-19,5022,1946-04-21,1960-07-14
NukwfvSFVLOMldtgJbAP,S01AX01 ,UZjwxzDvnULFqLbdZpfA,2015-09-01,9842,1997-08-03,2014-08-06
LacXbNTlGDUmxnvMBapI,L04AA33 ,NpEidWSJMOMZndHFcrSh,2016-07-30,5371,1917-07-28,1955-10-26
XEVKHGFVwwroeURMDrBF,XMPEN ,ARzNIQsafHrjTTvgpuiD,1995-03-17,5202,2001-02-02,2012-12-02
IvwjfUrEYjAuqAHXHrLF,A11C1 ,EXJkwLhUYsntYFVPCaEo,1999-04-02,3113,1911-08-09,1933-01-08
nTdVxFabFfIKjDnRNQqW,C10AD93 ,HuHWEZXYyBPdTHtzaVpd,2015-03-16,7023,1996-04-24,2016-06-12
bDrCMeOWOaeRCrJQFaxl,B03BB ,ktQKPSbwWGFGYwgSKgTw,2000-08-01,8590,1902-07-05,1935-01-07
sruKbgsMfniGDzePNJRv,J05AR13 ,ATdtODLKBPvFdAdViQEJ,1994-04-17,9446,1982-04-02,2013-10-28
qCGDKiwzhAyDpohgZIZn,D10A ,FhtGlmzsMenflphGAGec,2009-12-10,49,1986-04-20,1996-07-30
qpiGYxntcsOKabFjQYHJ,S01FA05 ,xTtxlPmbAezvlfpnQDso,2003-12-09,1644,1992-02-04,1999-11-19
PqWVvWxAXGrkXquswuWJ,C08CA09 ,MUJhzLooSdczLlfJEvgo,2018-05-28,5529,2001-03-04,2016-04-10
nWFxsAWjtxVROgtWvFnq,M01BA92 ,OEShMfgVylLNjgyfOjeX,2003-10-21,5725,1957-12-26,2020-11-09
wqIGQLDjxNxixzIRdplg,C01EB17 ,FMQMsBQrTuoICrzVWyjn,2014-03-01,9476,2013-03-17,2019-01-02
WEjYTtpEwyXDNXeZYSfh,A07AA10 ,fslnnqMCSDNniWAidLZQ,2018-07-26,7992,1981-11-04,2005-08-18
gyTTbOkqnVwZpslqkpMB,M02AA ,VUWznFzbnOFpJMWvIKEI,2001-09-03,7155,1967-03-13,1999-07-04
ZBMnXJjFcrAFxgeIHBfq,M02AA17 ,IgaZFeuxezFzhkcUzaRF,2011-08-24,5306,1987-07-11,1992-08-11
WnYtvblHDOddtLzHaQGJ,J01DA05 ,uDPUAYLpCWkBaAUKBntE,2011-01-20,2047,1915-05-08,1931-04-03
SPgoCXnpPdMpIryHbvUM,L01DB03 ,XKfxDGYWCUesRJwiVIKf,1995-02-11,3892,1913-06-14,1951-09-02
lLOaUBHyoMZEcFvXxZUc,S01FB51 ,amvZlUwAEeNfmEdfRCVu,2000-09-23,6448,1934-01-25,2008-12-30
GnkFVPbHMrWYegxbuuQN,N06AA06 ,AnirDunsxShVMTmXGGKM,2012-10-08,1392,1983-11-27,2021-03-11
MIQrdvvIxYIAsAXDqYDz,A16AA04 ,TsixFGDhmepblPPLHiOb,2008-08-10,9085,1911-10-02,1981-02-12
SnsyYhXToSVTxEneERyq,H02AB08 ,WXOJfxWqcXUWIgnThmrF,2016-05-31,2083,1939-09-30,1970-09-14
BfCmkeQOLSPKkRZTNHso,N01AH06 ,kTsRrXOJfHDJPccTOIYb,1997-05-23,5978,1923-06-25,2008-11-20
AHcycbfUjBwFQizdYekx,N05AD01 ,MCoqkcjqNygvBCHaJtnc,2004-04-19,9369,1918-06-12,1927-07-16
xfIuVodXbBqThnJBqmxB,R06AX13 ,SQneAAPsuXkeJnMGZSGP,2001-03-04,7347,1904-12-10,1937-06-21
WugVQKdEumUNQjhWJapB,B05BA10 ,oGlPxNHQlUrrJlmWRWPf,2001-04-15,6405,1916-11-22,1929-06-10
gDpqxmNCwgqhPrjknsPH,B01AC91 ,wvlOCAYOYChPPmHozgJP,2010-05-14,2587,1906-12-08,1968-09-23
oYBeuulRsnhhYSxwuudp,D06BA51 ,DfuxKRwTTbloQigIyPPK,1994-06-05,9025,1935-02-27,1963-11-09
FccKdLljKdNNEthxfNwy,H02A1 ,lXZVpANQMjagsgdoqTDh,1993-11-16,9959,1976-01-17,1995-12-10
xAhBYPkXAmUgsaSchQVN,C01CE02 ,RqVQmlULIwJSICKMbVej,2011-08-06,8425,1955-02-28,2002-10-17
lNqrHudoGUugbRBbhwHB,J01AA03 ,ECSZxcbFXJaDraWDbkKD,2019-07-25,4400,1994-04-29,2003-10-01
UERREwpqFMLjDsxXZBVx,A06A4 ,nVaWEGoqrcoBAOdBtmKy,1996-10-29,4030,1971-05-12,2006-04-03
FNmgBlZFInfQWtfUtpMx,A05BA03 ,mcLOvrQrynGXBvnaELrm,2001-12-24,3615,1964-01-31,1999-09-09
foHGzNWWScKRXcRLHSlU,C04AX21 ,BrqaNWDMoBITsvyYceOG,2012-11-21,2171,1996-02-15,2005-06-14
KPzTEgkrwbCMOtuSqjva,C10AX02 ,zrrIbVgDKZFtPYIMEBEQ,1995-12-08,4129,1937-09-21,1957-02-25
yADrXHCsLjOWJiKXTWQr,M01AX01 ,dwjManEDpSTDgOxwLmMv,2005-10-25,9132,1975-08-23,2003-03-23
EBfVzHQwPdvZYRvKXIFr,N01BB02 ,FBhjiUngOEhlbcJmyhKZ,2005-06-02,3882,1979-11-12,1988-01-07
BfjPoOSKPLSdoXizSHic,L01XA03 ,ymOtXGFaJqiYmIXOqyFl,2016-04-26,1196,1981-11-15,1984-07-20
ZHtHdGRqpsgEGEHvzcxE,N06AB05 ,VGuFymFgXvAvBKFaLDwG,1999-01-05,5606,1997-01-25,1997-01-31
bQdwXdnHUTwbCOkSpRIm,26H00 ,rPUopfFvjDuAMqekrxfR,2022-07-21,8552,1955-12-08,1970-07-31
GCiJcPfDTfclbvJrrQhy,B02BD01 ,BxHWGymakkwHaViXbWpF,2000-08-12,163,1995-03-17,2017-07-03
ssKOgynayAwXYCMmYoqA,J05AF02 ,jGBosGxcICaRweUIFaSZ,2015-05-14,2890,2017-09-18,2022-02-18
EAideSQctOszLnkOOCRz,C05BX ,hipDbljLJvBvLlfdBpLn,2010-12-16,59,1966-11-20,1969-07-15
CAgJvYXeIdOCJrNVkoSn,C05CX92 ,uYiuDSohDADsJKtaUHwb,1996-03-10,4479,2017-12-28,2020-08-17
ihAdMzwminvAsAnBscPS,02B01 ,tBeNtlwsIHwtMlRmveDn,2001-08-19,1415,1915-10-15,2022-02-25
BebZPJkthRxZzvoNGPgh,N05BC01 ,ivdsebpXJqHIMJjbILxf,2002-08-02,1112,1932-04-08,1989-11-06
ABurkbQHeTwvnEjpSBVO,A12CE02 ,CpUcGwwxZacHJPvWtOyj,2023-05-27,3267,1909-06-01,2002-08-01
FfDyqpOOpOhjcHQbWrjs,B05C2 ,UdefOEFTmebdyOqRmasg,1994-01-14,7924,1955-12-15,1991-12-26
QfSDXNSxpEFElFagAwaE,M01AX14 ,MyZGiEnpwJAvYfDtZKaa,2004-11-15,8074,1972-07-15,1979-09-06
XkHrHSSHvxNdHGfKnURx,L01XX27 ,iSKJmkBoeHDppmQEJLPc,2019-08-31,5568,1931-08-25,1950-11-13
LBHHJTXZAbtcyAacNtkW,G04BX14 ,oCLQLMgWCiIgIenXyYxI,2010-05-30,8239,1991-12-19,2018-07-26
qhdeloZioaURgJzSPXyr,B01AD11 ,uLuoYPEBzhWRAuUuisxR,2007-09-09,3677,1946-03-07,2018-12-30
DHkqHhKyBpuhDWoEvILv,23C01 ,IHgaEyzrYxgkmSAhHywe,1993-10-24,9430,1977-07-02,1991-09-25
EorJmrkkDdWSSDQdXmaV,C04AX20 ,SLmcxLYruXruoYwScvSP,2010-11-29,6048,1946-08-05,1988-11-01
qXUSPDfJpXthPqgJtqtu,L01XE18 ,KlBpwUSQZaGwuDMHIBCJ,2004-03-09,3628,1959-09-10,1982-09-23
WcUYBYUfKhBAixApaZtY,R03BB07 ,WMKUWqXebPwIjRaKFzRT,2023-03-28,1602,1984-04-20,1990-04-02
fBYDtcxaYkuveXMPTqDZ,N04BD01 ,EZmRCLUmjvWXGLIFnhmr,2004-08-16,8482,1901-06-24,1946-06-23
BCvOhtriChKUDZfHyOCx,G01AF08 ,velhgSRWDgCucRsCjvUo,2004-06-03,5113,1994-06-18,2005-09-11
qOPEXRqOeHTwoHnTTNRx,M01AX18 ,PLGakTEfkVwWXwfTKcmi,2003-09-28,7102,1960-08-26,1986-05-19
BVQrpUhOkJcNtXEZGKOq,16C00 ,xGswqnljBARctRwSkxFE,1994-01-19,1483,1916-03-15,1951-10-17
xmAasVLWRWCuekJQSXHK,A06A2 ,WGUqYkruVLeezQeeMRKJ,2010-05-15,4078,2022-04-28,2022-08-07
cwKzmehRtMELYtXfKJqH,R03BA01 ,tvRKZxmjsFiApLIxGnPI,2013-12-07,3682,1968-09-11,1978-02-07
GEXHcfjlsCOdCVAJQcBU,B03AA07 ,QnZgldLYqDouvLIeFkgg,2010-06-27,6347,1920-09-14,1946-08-23
EtMObnOcEVOCEyaEfNVT,V08CA09 ,ZYiYyIwPqtAWvhloHcGb,2018-08-16,3463,1969-12-14,2010-05-18
UoHHKbblqBvhYhtwmvCM,05H00 ,FVqUZiIDgdJWZjkLVmPN,2015-04-02,7309,2014-03-04,2022-01-02
TgknHLNcDPunZnpnGaBR,J01FF01 ,gHXzzOGkejpVOdKcwqNg,2014-08-14,8288,1984-02-23,1999-06-30
eIxWOTXEiruFkVTUGUIv,M03AC02 ,wDNKWtOsibEUmbwWZFBk,2012-12-31,9971,2022-10-06,2022-12-03
kScVPEzJtmtnxKewwpDy,A10BJ05 ,KtTRxCJJGytWijpxFgvO,2009-12-31,369,1953-07-17,1977-09-26
MWVvsAvuoHiCOnldeUJb,N07AA01 ,iJNjIgyHoyEiGFKCjfAO,2013-12-04,2512,2007-05-15,2017-02-22
YwaRcSxVPDZUDcIhfpOR,A16AB10 ,wdyyUBUWxfNkveHZShTn,1998-05-12,2780,2019-10-27,2020-09-27
tMVJYoMxtwwaPybiPiPU,XHLAA ,rxGMCRUBaZsEjCniSoXF,2007-09-06,3583,1997-12-04,2007-11-05
qeBODSMxdszciUhOPWTj,J04BA02 ,YLUOzcIgRGimSSPPXGyS,2009-09-01,6225,1952-11-02,2018-02-06
duUxyDxHTfMSKXsWGTjh,C09AA03 ,ujbcRZaifNJBqLmnThSG,1997-10-28,635,1927-01-08,1976-05-19
dzwfVEllqjqIcnlWNYDt,N05CX92 ,ugzoytocVflkiQdibRcy,2004-10-18,2764,1934-02-13,1973-07-08
NHCRlEQxFbPEsYEJAFKO,C10AA06 ,mPiHcrsnYqXzgidVXivj,2020-06-08,1043,2008-02-28,2018-09-20
EEyTXPvYggqsQvXRapBv,G04BX10 ,pwlyHYFhcVWdoIRXsttV,2008-10-06,7506,1979-11-24,1986-03-20
GHLkYcKBGYhSaPzzdEBI,M01AE02 ,ZgvXNTenGiblyfyqkUOS,2009-08-09,5910,1950-09-20,2005-05-20
LxpzybHsQXetNCYWCrsA,J06AA01 ,AUbFPCxvygeXxgPzMKZU,2016-06-14,4695,1989-06-03,1994-02-23
EQAEytxVIfcWAErjyEZi,S01GX10 ,TVsHqWvoGKlbVmSTURYa,2016-05-04,9255,1933-09-28,1934-10-04
mRWzPSpFAmoEBXCmFCWl,B05AA93 ,WtzcGasBSbenPZzpBSVi,2011-07-02,6843,1941-08-28,1960-10-27
ZGhDFJtBfoCsqMnVpBvg,S01EB09 ,bSlhOXUUZVJRCcxyaTwp,2001-09-04,8258,1929-08-31,2014-09-10
SUpPECPFAhkkkqbDWnFI,S01EX91 ,NubyfaPqQBgvqmGcGYju,1996-10-22,8570,1926-11-03,1949-02-05
oUZtzflyRhbQDNweofMO,D05AC01 ,sRYRxAgPFBztkQBdcieA,2002-01-23,7360,1984-12-24,1996-05-02
TlOgSlDCZsIxcYwiJOpb,G02CB03 ,TTnvwZlavzASvoqcDmyD,2002-12-05,6287,1994-10-30,2000-04-18
bqCHiaxJnVdwoivdLhoM,L01XE25 ,IlqPVvBbDoHImxVHRhQA,2017-09-13,9768,1926-01-22,1974-08-02
ZyhUWXdpNVgEupwmdOSV,V09HB01 ,YeQnhcNxCkZZfKYBXZIi,1993-10-30,9755,1968-09-06,2009-11-17
SQJTCNHBnhBpEAVdXFtD,G01AA91 ,YPgnrSRFniNSWrqCnoMW,2008-11-23,3220,1901-02-01,1981-09-06
EhHGdiSZPOsyLtsBZHfP,B01AC25 ,cQgGnpWLcceRctPSCsOE,1996-02-27,6375,1926-07-24,1976-02-02
YEjNeYnpLIJkczGhKOpW,C05CA03 ,VolMbiyTzujOjFCFascy,1998-10-17,396,1996-07-13,1999-03-14
HWzQbvBENifqBwXSFHCQ,D04A ,FviBrHwehCkJTuKqOWmE,2006-07-04,2636,1941-04-30,1946-07-21
OwDZvhWomwOmGaxBckxG,M03AC02 ,CvpmokQHJxnDvOdeKKhO,1997-03-14,427,1924-10-19,2011-10-21
HNPwWmtmXqJqPOJKGxwd,20A00 ,OoQpmmwDBFWQBrqzqgVn,2004-06-26,5162,1910-06-12,1987-11-20
nxPSboYCeDtchNvrFvgB,Y1000 ,slorGmNuiKnPVYjaFtqB,1995-01-25,8739,1967-01-12,1984-12-16
zisvnBYfGRstXNpzilpU,S01AE02 ,mvPEFBrHtdmTnCEqffer,2005-10-25,5003,2018-09-25,2021-02-21
DMlglTEGxFzMpGQQfShP,XMVYM ,mhdJhKDVJlKOFUACpbYs,1998-07-04,4868,1956-06-29,1993-02-13
LBPZlXTMrAGgIDLQBBaK,N06AF04 ,PGCilClTSEtnmcwTgeWc,1999-12-25,1424,1927-04-09,1960-05-06
DcmqysydZJITuBhOUYus,D03BA91 ,yVXWCpxzFbZZQmnHmyAi,2008-02-10,9875,2014-03-16,2016-12-10
OZyzZZMpXqEliYKXGFSj,B06A ,RiLjuHHDbirHIJUUcaBY,2002-09-25,1001,2003-03-26,2017-11-27
HiHTCZeYrpidOQalCFAk,J01XX09 ,GhNERyZdaDkMIPAldNwx,1997-05-20,3107,1976-07-11,2006-02-01
eESBIeQLOeCbvMOvuuEv,S02CA07 ,DuvhvcsalmgzCvaAgaDN,2012-06-26,6158,1900-10-07,1916-11-06
ManjpFETJmnBkifQmOXY,C10BX06 ,fLGaWcoQXswWgUoLQrVK,2007-04-04,1547,2019-04-03,2022-10-02
XhzqdENsGTqXCDNxJJIw,V03AX93 ,LrJIRVMCqbKvRkZiSJFo,2016-03-06,8603,1950-06-12,1956-01-29
oXxDOJDzbusgsnqzNWlT,C07AB05 ,iXfLAGgkOmdPFfvRVgjb,1998-11-28,7139,1993-08-23,2006-03-04
MtqiddFPvWGZHmiTDnna,S01EA04 ,JgtKdFAtczqJGvLjwQdt,1995-01-02,1923,1943-12-21,1967-04-08
KSbJAHKYsOyMaqXQghzD,N06AX ,FqxmIrilkyEMWqzdSVPG,2000-12-16,2287,1983-05-31,2022-06-24
pzTgLLCnzqVbRwFHjvkq,A03E ,PftAcihojHVdfCiLRRWE,1997-10-01,4210,1958-07-06,1967-09-01
gyGWKWYJTIRckSPYgOXC,C02CA04 ,AUtGiuTbGrXnVuGTyrdi,2008-06-23,4604,1975-11-27,2005-02-18
tURXEApeeEaaKHXeQUev,J05AR03 ,FtnAUbONGodqlbzNCvEz,1993-10-20,5167,1999-09-01,2005-04-18
WtiafGgMDhiknaFEBtRm,DESCONOCIDO(CARGA),plnmartdoobuHpoeyZLO,1996-10-30,2915,1900-05-22,1914-11-04
rhSSiigBiEbjmPrTMUqX,M04A ,JHAjavnOElaDGMGPMahG,2008-11-08,2835,1975-02-25,1980-10-21
rqVhSVFTWFtGCjMwgFVt,C10BA02 ,VrvjYGlOsKUlFWPpSNtQ,2015-04-15,430,1922-11-05,1954-12-19
CpLySvnylWOdbfXhfhLH,L01XC13 ,yetmMVxAysrEVWOzzCWf,1994-12-17,5632,1918-05-26,1986-02-26
UuiPEenWpIXsCMScOXVV,G03HA01 ,sHhswBnmpuWKNdarZkzl,2017-09-13,1963,1994-04-29,2020-03-27
eTrBNhOjAFBnxXhedroz,L01CB02 ,vTvxFXngILWqsDdKwYYO,2013-05-15,1580,1982-02-25,1990-01-16
zjmyqPWbuPLFxKoFKfrL,D08AJ01 ,yZEHmEdNZfiiyWIKyyfJ,2009-05-25,4341,2010-03-25,2011-12-10
SyJsjJkrWjipDqeulPEq,N07BC01 ,KKgfvtYCjSfVGpOxOocX,1998-05-17,6967,1903-11-06,1961-02-10
IVVUdbRvvxQYTFEZymvN,D10AF05 ,hSkcFTkdQBoIdRfGEdyb,2013-05-02,3142,1932-05-02,1984-03-27
ajVRgKjLPwpKgiUNUfOX,V08CA02 ,kaAEHZaMCOHfLodcMiHg,2012-08-25,2968,1966-06-03,1999-10-30
JXXQzvikWDlAxfjehhNY,23E00 ,tOWRkKoCIaOTFrsHGGcB,2014-07-19,1118,1938-10-02,2005-05-27
QkAoKIqhTfGkIxuhDvya,N02BE51 ,zNbYYyTEEdnXVNpGoLiz,2020-11-21,9743,1996-05-16,2010-10-02
YhLvYEerfavbYldLXVsj,G03CA09 ,zkHqTqGzzFCyTPwYFxUy,2010-08-24,5584,1945-01-03,1976-03-29
KBVTsFngEetfCAPNHhss,S02CA05 ,VIsAoiQEOJBFgyVFGBMd,1995-04-21,4896,1907-09-13,1949-11-29
sSkhYcbtjOHTdRSSFlbX,A11HA02 ,WMJcAUPbLOQHsmWKmIci,2023-02-08,6043,1926-02-26,1955-12-18
QdSLyYnWnoamVXZOGBKp,A10BX03 ,RBWRjHhXngdqivoqaolc,2021-06-19,9732,1979-10-06,1998-08-14
PPEqZTetcLTvnUKBkCNv,R01A1 ,UeElJvJWcPSsoTlFzKpe,1996-02-18,5510,1930-09-22,2009-07-15
VUdkqjZtOzSPanXudPoG,J04AB30 ,zDTVWYTZuMHKfsVojLyT,2002-03-27,9023,2002-06-30,2005-12-17
ijeIZAROSnHKVRwXEuLJ,C04AD54 ,QTpsSnzzRHuasPRguxIO,2009-06-19,4726,1943-12-14,1993-12-11
atzJmnZylCCGaKfdnrsJ,J07BK01 ,DemHQzBlrOxSVWFugkSN,2021-11-04,2020,1935-04-16,1959-03-11
ejEjmStqznriFmBlmwbL,R05DA09 ,rLKHWemIVQgBbfzFMTkV,1998-04-27,9314,1987-05-24,1997-06-19
NzgBPsqPFfGxlEiWBKGy,XLAPS ,LSUQLWhzdLlVSbSbZNeQ,2005-03-17,3352,2003-11-01,2021-06-22
fYmwDiVOFngSmqYgDbeW,A08AA02 ,NBeASCLvXARuRjuEydEr,1995-04-12,2956,1953-02-17,1956-04-25
mjMMMhGaeLsAfDeYkgTI,L04AX01 ,AeDUkcZNyjJLELaShKdU,1994-03-29,7116,2020-02-21,2021-09-03
lwGTXMRhEZxeZZWDraWD,A06AC01 ,mFVegWHVbxiziXvXlVIn,2017-09-29,6451,1966-12-07,1994-04-09
bGUfSwhtQwxvckzrvvZM,D02AC91 ,qTfrXuUdjJYeIVvvGAON,2022-08-24,8235,1979-11-01,1995-05-01
QGlRerbHZJXqFlXYteyp,R05C1 ,rSmqllpHdCKGIRkUNmhx,2011-04-04,8092,2001-06-27,2014-05-15
xAnKqVqQNlScapHATwyg,C04AX21 ,nfDBgSsnnyZtdgAwsUBC,2006-05-04,1728,1910-02-10,1984-04-26
FvQzPulpQxDReiabuJNo,D11AX ,UjVmYhupLNdzItZagnLY,2013-07-11,2358,2005-04-18,2022-06-03
ExzTKDNTHbdaHOxLHprm,L04AD01 ,iXUPRYNfrePslPjhsldm,1997-06-21,5780,1950-01-20,1993-06-06
MCLQJFmwGoxgHYOrIkIo,N05AF05 ,XJFyeBqrjfmTlSdXUykx,1995-10-08,2557,1934-07-06,1939-05-30
NnqQTXFZmMpTciMHuDXy,A11HA03 ,baKdwwMxshfWAGDEkQEk,1994-12-29,7675,1969-02-05,2021-12-10
zHnBQKAWrYUpAkryVlLD,26H01 ,ilROZeEOjVnDRoKMvrJB,2008-05-30,6181,1954-08-02,1955-03-17
bmsykeZqnMmSOYapFwTn,A04AA ,IuLqPUidGNSYYMhRRsPa,2015-07-08,2240,1996-01-12,2003-06-06
dRdscRakmtXpMUVAclFI,N07XX ,qUSJXDmxQPhwUgXYzAzN,2018-03-14,8233,1967-09-26,1999-05-26
yMlSXaEWhtSjVhJvlNXa,V03AE03 ,tbBHlwuaLQqweFYgAeCh,2015-02-03,3061,1900-03-22,1945-08-03
OaxEeuoJDoLOdWvaoQzD,V07AB94 ,CzhpJKnFPObDlLnZVTFE,1998-07-05,3827,2007-03-14,2021-01-05
RQYAZnZYFpHKnKCvQnqx,A06AD12 ,ELCtzwqenJfdQGomzcCc,2001-04-11,8976,1941-03-19,2021-07-23
qFlebJLEeSDUKoYpuQEZ,V04CJ02 ,CzTCVQqSIEQMLXdNqHbU,1995-05-06,832,1962-05-10,1967-01-31
toSqGcHQMDqHOIivDwqv,N06AA16 ,bpETBDCaEXfAboxdyPgW,1996-05-01,8309,1921-05-22,1966-08-02
lKtKGpXsOBnoSmyfkeAb,C04AD03 ,KoVCQPmlEfUwyOSPzVAj,1996-11-30,9891,1990-10-09,2013-11-30
dRMZIPBHOICNvwIHhivf,R05CA03 ,UdtagDnnYBpfNELaWxIv,2012-04-05,2775,2015-04-16,2020-07-08
HLSfqnNuSKNhlMvnZWSX,D03BA51 ,GixQIgrLMNyFyykJGPnR,2019-07-16,9129,1916-04-02,1966-07-29
SMlzEGxBhSIXjfiTiUMh,N01AX07 ,pSVKWGDDwFtnAYQiLJVv,2015-01-20,7531,1996-12-01,2003-12-04
migqyPlPzIBMpMgqoFSJ,J05AX18 ,kdpsWuaJmTbWrSxtCKhl,2008-03-14,3866,1952-10-21,2010-09-02
hecTWEylAdkWvXfCoQiv,H02AB10 ,AKJyOgxGEBTiOzJMbyYb,2014-06-22,9657,2014-07-23,2021-10-01
sYDgQfYTsSltAhMKexpf,A06A5 ,BuBCTJmVTDdYAgNmcywz,2006-05-22,1682,1948-03-02,1964-04-21
TWiXJDpSwXtfwowaQRJN,R03AC16 ,hievylDmhClnLtIbOkup,2008-03-27,4198,1933-08-16,1959-12-11
eXqoOFykzVfcrDUGPmni,N07AA02 ,ItwMaxKOaAcTBDgivySb,2021-09-30,4010,2011-06-05,2015-03-24
tmgIhBXHWFqOozAJEtxu,G03CA57 ,DvyZiZbDxlSpKnFvbqve,1994-11-29,7318,2009-05-29,2019-08-31
eRykuwmXNfYZMQMvzVBG,C10AX ,SqfYGJmhriGzziBvotcC,2005-05-22,9421,1963-09-10,1971-04-05
egUZMgCtHBJhYswUBRgY,J01C1 ,UAeMnuzOSVehlvIoROUU,1996-02-13,3529,1953-07-06,1955-03-31
eQxPzPFoNlLkxzxhrGdg,N06DA03 ,MpnsZQLOsYXpsNjKFEfB,2022-03-28,6462,1913-05-05,1988-09-01
kGXlAqKqNRlrTXDzXOiD,J05AX09 ,hXZZtuAJTgGHueNIwQbc,2005-03-08,9459,2005-11-07,2018-09-20
vmVOZCKoyNrkoWyaxxSY,G01AF20 ,JIdkuHLmJPPHYXbRRQIL,1997-02-27,3029,1960-12-20,1996-02-13
hPOXjVRQjakpvIgoOOoo,C07DB01 ,pvWDjiBwpuoHTLeZKxUj,2004-06-14,6486,1996-03-07,2001-05-03
jLKKtiyHHBrEupMADjrV,D06BA53 ,jLSQawuEASQEyuHzaXfC,2011-08-07,9698,1941-01-18,1988-05-15
ftVfInLLbadfqaYuSrTa,S01XA93 ,lHIrKjPJHFDaVsOjmWxl,2021-03-20,1494,1965-11-24,2010-08-06
jmxYtDPnCTOSCUeiVQRI,A11AA ,AMjfheSLxtbRBFXTpZrb,1998-04-16,1781,1918-06-10,1998-07-27
WvzQxcXokqvEePLEOGEn,J01DD13 ,bNyfetFPUzYrquwPVwSK,2019-04-07,4864,1970-10-29,1999-04-18
jBrJKSgmDAedQaaswuMQ,M01AC01 ,mdDLQoglUkrNNZbRfWyj,2003-07-14,7463,1956-01-14,1965-02-08
qnsUxDttywlFbEdTNgyY,V09GX03 ,UvcYeDTwxmGXNwvSenEj,1995-05-14,5953,1918-06-02,1937-11-22
jGNSeFDOePFuchUHFDTR,06F10 ,JORHwrrLSglAVwACIDJr,2012-10-26,9808,1924-06-09,1971-01-18
lULxhbeSNbjnjVPZgqis,J01AA91 ,dUZPYIkUaYnKuULYJDce,1999-06-15,6822,1909-02-03,2012-01-15
KhJKRYTHySYqUsSJvsRZ,J05AX18 ,CffvsdYyveitYmhLVTiF,2012-06-29,6027,2012-06-19,2014-05-30
HJmyXWImEPMTDfxoQUWh,23A01 ,DkRwTiFWtSJhtquyMMAy,2014-04-16,5494,1989-04-16,1989-09-06
JBIYbqLmzOilrTboRRVS,S02C ,OmlQOaAQWJcGWuAkSyJC,2007-08-20,4006,1985-01-10,2002-01-21
JlfKAzayBXewyLyaqmHf,N05CD11 ,MPElCBgYVGSdahwXVCdT,2019-12-31,7252,1970-10-04,1995-10-02
uYyguOFdNfIPyRsaKnpO,V09AA02 ,pQWrOrGVbMGQNrExqOVH,2021-06-22,3238,2013-09-27,2016-07-16
aDoHlTZcmaYvqinofqzl,C04AX91 ,oLRAXiQOmhbeZqVZzrhs,2021-01-29,8274,1903-07-18,1923-12-13
DtiMhCppRLggWfeumMDl,G02A ,CHbnUKpunJKIGvNCvBnH,2002-07-14,7231,1926-07-26,1931-06-16
GfnOvCtEucKwvVBgvOVW,H05BA04 ,glofzoyNcPQZAOqMByQf,1994-05-09,1116,1922-12-29,1947-03-11
RBlXbjGWArNoPBPqpKuc,P01AB01 ,EWYpJWRLiZycnAuTaVlp,2003-02-09,786,1926-09-24,1967-08-29
PYAgAbFgFVYIIXqRrcgD,J07AM01 ,KpPPMWZvfrUkslKfErAi,1995-11-18,7993,2001-06-12,2003-07-02
wGwmkizARhoFhZRxhdci,L03AX94 ,vSLomKhZLcwAnDIcxMvz,2019-01-05,8058,1953-10-12,1990-01-20
gfcugozOyMFdgARWPJsE,M01AX18 ,VXVPuxLOoFfWdbINyzjN,2014-05-29,2006,1967-01-09,1988-08-28
nYyhmGIekCqznDAeIlvq,XMVYM ,UyuerGenkQIZcSsjbavi,1998-04-20,9179,1934-03-15,1971-04-07
PopguwScxEsuiEcnWjoT,G03FA11 ,BdbjxuvZyUuKLfvfRWtS,2017-05-21,9051,1987-11-16,2022-11-17
GNOOhVbCWLtmaztRpbBJ,M03B1 ,UVEVMkpftLSashRKGPoY,2011-08-19,969,1923-07-08,2005-04-18
vquzrTwnJqlGsvOUqZuA,XMVYM ,QnGSzUonUzTbWIiiNzCy,1997-06-20,3409,1968-01-06,1975-08-27
CxMuINEhMGQtkscMmvUC,D03AX97 ,riuLbFPbxFZjrFSklcxF,2021-11-15,8485,1939-08-07,1963-10-08
UPWcuszIPQbFxLGHRccy,P01BD01 ,AKPaNyoEMsHaOgXUplEl,2021-11-12,1610,1948-11-15,1973-08-28
zIKLoQvMzZlaIxENKWyC,M01AB15 ,QdgdnZckpkaRnemJpYMk,2015-02-05,4672,1989-08-08,2016-01-28
YMtIwlHgdebstOjhBGjx,C07AB04 ,VaHtcwMuFJmpRGGlmNaM,2010-05-04,2663,1992-08-06,1994-11-30
ornaeEgJXSIXRlmtyGFs,D06BA55 ,NaVcEzHODjpDVfXdiZoF,2023-02-26,5945,1913-09-30,1952-02-09
EkOhvMTOmYLCpsCDsVHF,D03AX01 ,FGuJgCFkfzpnIpZzcSgV,2019-09-08,6854,1943-10-28,1948-06-02
eYSJOniJlDUNqyXzwhmm,N01AH03 ,gZkrYCEhnyuCaclLIHbD,2005-08-05,7849,1980-10-07,1981-02-26
FfYQYMmeBoDzDoaroITh,P01BB51 ,PZFbZElraNjcQVNGNkCg,2006-09-15,6138,2013-09-19,2017-12-10
pLTgNrXWxhBnRMydCmoy,A01AB03 ,AAYFisuhLenzsVGIBUJQ,1994-10-29,9664,2008-04-27,2009-09-26
xybaibfzppkCzilXfXOH,J01BA01 ,pRDgpXqlQBNRyKzjoAtj,2000-02-10,5035,1941-05-30,1961-03-06
VxiDGEiwsCVQKDtfgXop,J05AH02 ,nbQebzbRolVngHZgKzSk,2007-10-22,7612,1924-06-25,2014-01-23
LFtUAOWrdEhvfRhDsAok,A10BB02 ,hqEERNZzDnkTrDKEiRCr,2018-12-16,7997,1962-11-30,1991-09-06
NZiyWzmovJdetPhVZWse,A10BG03 ,IjfvsINBNpvyAxcNClXJ,2020-08-17,4976,1946-08-05,1954-08-15
AZCsYzFOBjidivJYNVOy,A03C ,nrUZunHKIImqaLlzcJtR,2018-12-19,3451,1954-03-12,1962-12-11
gbGrFqhLFQWhOYTYyFxF,XAMAA ,GhbEpmCpIEPorQEswauR,2004-05-23,9924,1932-04-29,1946-09-08
mZCZwiDMPJRsQvQwEDwf,J05AR01 ,DFjkywpltEIKjPEpVIwH,2020-06-08,1219,1931-12-28,1982-06-17
VWMbFIVceqnlyEiWYmRo,C02CA01 ,epyMAagMEtWfIcHirzmQ,2004-08-24,4447,2000-11-01,2008-11-26
OVYRASQEBhkgGnnleUbW,A11C2 ,ZyhtKpIyDssAZwjcxZJz,2003-10-18,9240,1990-10-19,1996-11-09
vGLfGecnnDivobJLmYUM,N02CX06 ,nlCxKOUWLKyuAfXrCqYT,2021-03-04,694,1947-09-24,1972-06-28
iOoDzZDwTZXQFDquHaxx,G01AX14 ,poTibOfyFnnSJirCnoia,2005-01-21,4058,2003-10-18,2008-08-07
llXYbjBnyzSyQBloYLcS,V07AB ,RxiWLUayRFxfeMHwEluh,2003-09-15,2031,1933-03-13,2010-08-19
mBoBJnUnWucpTiWgYChb,D11AC02 ,CJNhHBUSonQgpLGdShzb,2003-10-09,3337,1947-09-14,1956-01-11
kEmQTsPvomznFdWdeokP,B05CX01 ,fXFqQWKAeisxBdBMwVLm,2022-07-07,574,1999-10-14,2004-12-12
DBJMNNbLYRtmltRYdOqd,N04BA03 ,bufUyijAypFJasloWzXc,2006-10-21,2750,1951-04-06,2012-05-02
fAaVWQKIWIqFIdbhbcMQ,A10BF01 ,tsLdmzROZUWAsdjTuvWg,2022-06-05,9762,1928-07-21,1942-02-08
nFaxjnLbGqRYhtsbefQQ,B02BA52 ,JZbmFlrhhYKYIUEcpruv,2019-09-01,1154,1954-07-15,1991-02-09
eeWnIaPNDiDDctwNvGua,R07AX01 ,jzTjMoQaMIGyRwfYlgWr,2002-09-04,9733,1989-04-16,1991-11-28
hSeDyDwMLZnxqeSKzcKA,R03AC19 ,YRxZgKVWSKOaAhSalqgm,1998-11-06,8282,2008-12-30,2018-04-22
RLsJVjFIUGUHTjmqanPJ,M03AC10 ,wnUMscPweiGwtTRViTyH,1999-09-07,309,1971-04-30,2001-03-21
xwcPIPPGfKcJufXaNkYI,V09FX03 ,rwXXxvYZPMRrJYPyJJjK,2013-01-24,8330,2020-03-18,2020-09-03
ZIdvPHYPsuOisDhjqylf,N06A3 ,hZjOtBwUHkSvSmZfLOVf,1997-06-10,4813,1970-05-24,2009-08-18
LDiwJxfVpNHhDKXRUOQd,R03CC02 ,dfOzqHlqAegBWvQRcLop,2018-04-29,8864,1938-08-21,1944-04-24
sdShQdrQHrslgsmWAXCu,C10AX95 ,PxEeSyHhmOfuqvIkqLgy,2016-08-13,7164,2022-12-14,2022-12-14
woBXZlOxmpaZJzVCtcXX,J04AB02 ,dWwnuDaKpgzkgksGQClq,2002-07-02,4069,1981-12-12,1989-06-03
MPJRECpRtOYNsybXVLiH,C09BB03 ,cRpdIupIKHjlAOiLnENU,1995-08-13,3014,1924-09-09,1946-06-15
kUlTsEGeJqRhBuXpyfHU,A12AA06 ,FzRUQjVqykquHVUvdLIc,2013-11-19,4039,1933-10-09,1947-11-19
LoQoLIyleBUHfBpCMEwU,C07AB08 ,CFHBopRnPLWEhvIByIdQ,1994-12-12,8786,2009-11-18,2017-10-09
GdMREMChozvuHXwsnGax,G01AD ,pSwBAYtHuVdPNTrTiRde,2001-07-01,3533,1982-06-01,2005-08-31
BXWaBfFKinksEuQSdfau,B03AB91 ,jCERyiNEqDiTtICquBEG,1994-04-12,5811,1978-02-26,1995-11-26
IXYnhHfWmSNhhEjXqDEA,G02CC91 ,VClBhORrSZHqdWstfWrS,1997-05-28,4753,1978-12-15,1994-03-19
kReXwbYJbGVLJdfweZSs,B05DA92 ,CFnVMtTAQpWMGuCWNjDV,1995-02-27,6397,1916-08-14,2018-10-11
EcTZBwNKSIuffMFeGUxP,C07AB09 ,TkIVrUvSxTBwMUABKiMx,2009-08-20,7599,1941-10-14,1961-06-18
jvSqwLjPhXqKyWfDIJFZ,C05CA54 ,XkfxIDMIcALRtpKUIuSS,1999-04-14,2679,1900-06-04,1913-02-04
CdygXHVFguAhnUeBIbMy,R03BA08 ,CSdDCcARMjQuZoqJqkQx,2019-02-09,6106,1953-04-16,2008-01-26
osMAZvdSHGFhKOqAsVAS,P01AX06 ,OSwXxvHHuitzxHDSLcrj,2005-06-29,8585,2001-07-28,2013-04-12
BMfgVbbidJagPNbtoNYl,J07BB03 ,skywADTrNrvbaFeFqzYE,2014-11-29,1762,1910-10-05,1978-11-08
bXAFojVFRbPDkupTKsNv,R03DA12 ,gMbuUuNrzuJEtLiFDcNZ,2010-08-06,1487,1968-04-30,2017-05-13
GJgYsEJceuTVsWHRqxjx,A12BA04 ,kLZDcvQYlazUfjFSIzuM,2007-02-20,9253,1955-10-07,1966-08-17
wokmeOQTgshgFQyMGRGU,M05BX05 ,JpvlMiBAGjoZdASoMGFf,2018-05-23,8348,1916-01-04,1985-10-03
PyejLWwRHaGUaXUGElQT,D06BB02 ,bYZNOgCdSEPRHNVbcxYA,2007-10-15,5288,2000-08-11,2011-07-05
EbYvtpSciZPtGWUPZYwm,A16AB01 ,XrOdNSuRLDwUBQRuGDdj,2019-01-15,9275,1985-09-14,2000-05-26
suxuqkfnkfpQGJdNzCSX,R05CB03 ,XmBccLCFoKscrtannYzX,1996-10-18,855,1999-08-19,2019-12-31
uvCrrxZfiWxtbnivdzoG,19A04 ,AnNTJUecoljSQtjAQRbA,1993-10-30,4678,1961-12-01,1979-08-09
bJwqivhwxrnCAvhRaBrh,J05AF10 ,SktDsSudxNOSGCHtXJjz,2012-11-20,7799,1972-10-23,1985-12-17
rwKsDCBwFkpnEgtXhDsF,C01CX08 ,NKuCMhUdEzQUQigDtIel,2002-04-20,6427,1956-07-03,2019-04-12
lTcEfNtLBXIOyGJDnWOU,M02AX93 ,luGrZmiTwthlbtcuwMoG,2004-08-02,1709,1964-10-14,2021-04-29
XPJzVHceBeBoktoHgmnU,A10BJ02 ,tccukknLTHsxRmOItNVa,2008-12-17,2560,2018-05-16,2020-03-05
xhkYYkCXNuByNnVoBQZq,J01GB08 ,UUMYCFfggKItItrhfoib,2022-09-13,9371,1986-10-16,2003-07-17
iwEniHqqFjXMOfXyptyX,B05BA03 ,PxWfwGBSrpbSixqkqxCz,2017-10-07,457,1919-07-30,1965-02-15
OKQkknwOxvPwwWGYmTqc,16A00 ,raTRIEcQspwCxhRvFkmZ,2021-07-07,4012,1963-03-06,1972-05-30
YHXPQoPdrTvNSikKgmzU,L01DC03 ,KgLknMbzQILsxGzbkIAh,2012-12-02,7895,2004-11-29,2012-06-24
bZVAhPFeGgohiYCNANFK,D07BC92 ,OzEkYMNFgBGKzHHeXuTQ,2014-03-04,9271,2005-08-26,2009-11-30
bFBAUdlqJFNKSpATsYWE,B03XA02 ,PgCatSNlZCdvatWSStBs,2010-10-10,7403,1977-06-07,2018-12-24
xtJJDJyqCsnnAzZVqvkC,XCPNI ,REZCxlHykjzhWJvbjiEl,2009-06-17,2704,2003-08-22,2016-02-09
trKlmzXzgqxeENbluKSe,R06AB02 ,wWzkeflQvSyFhFbRpRdD,2012-12-21,4180,1996-05-29,2001-01-19
ktXHntKosiolZQVnmELV,J02AX06 ,TCuaVqlpcFoistVwxSmI,2018-04-03,4290,2010-09-08,2016-01-23
RkDkXVvCouWufwXWMsqE,J01MA11 ,IiWbLeUVkSolFkWYduZv,2013-05-10,1033,1989-05-04,2003-12-15
hfqKqvExUIHuCxCDhSci,G01AX14 ,EccrcKOXxHQvfBfpXlsw,1997-01-31,2556,1959-11-28,1994-02-12
bRfpWYHkzRgDgIlkptQe,J05AF03 ,wibGZRIobnpAWpkvpJNf,2002-01-02,414,1908-12-27,1989-03-27
bfEFrWFloSHOQdHkJpGM,J07CA02 ,dyEjIOubYyDvJyeQVGWJ,2000-11-04,9234,1919-04-08,2016-07-21
DUxYilFjBqcxsVKWnPeR,V09AX05 ,pzyDSTgdCIrCGXljVumV,2002-03-10,8520,1975-03-06,1975-03-06
jgoWsyihNzAPINhrSecz,N01BB58 ,iEKDRgBrmXlfpQuSYbrs,2014-08-07,3678,1948-08-11,1955-07-25
gbCnPxMlFGHXupzCLunU,A06AH01 ,XWTWtGbvZgVHzvjaLBuK,2015-03-16,7989,1969-04-24,2019-06-03
nppQHWKrFwmbFBHonklA,03A06 ,NvGaSCKRPkoOGWsYLifw,2019-09-04,3647,1991-09-11,1994-07-13
JnDynralswDoxvoAqDhq,A16AX05 ,mSzbRdoxEEuTpKmOlpOS,2020-06-16,592,1940-04-08,1990-12-02
EEcWhJuUwKZvJNnIlRNj,R01AD09 ,OHWLxaQuMwCVMWozvdDd,2009-11-05,526,1964-01-16,1986-11-08
IYlDJIMlgXRYlGYZOIFs,25B08 ,hsaPWEujTQleuZiaUOXd,1995-07-17,9635,1930-12-04,1995-09-16
knxWvTEHwZPFKbPLkgPs,J01DC ,bhznPFrDQAmILlaHnGWN,2005-01-25,9184,1917-04-20,2011-09-05
sLmxwioMMYdxYjnVvpHH,A02BA02 ,ZrIrxvdjZyposTnNvoMV,1995-10-26,4333,2017-07-06,2018-12-22
efIhgxvdmKPvnXIJHyhk,N06BA09 ,BSBPfoSmIJdkfBDPkKOJ,2014-05-16,3421,1907-04-02,1937-02-15
zqyOVdrLFoDMiRmPoxAY,M04AC51 ,WUqBnCyMnaOdNHMNYVFl,2008-11-22,4197,1949-11-14,1962-09-28
rmpGHPPTcEFatEHoTAMW,L04AA18 ,JDRxhdMMWchkEcQVIhZe,2016-10-16,8289,1979-02-15,2013-07-09
DjfvGhFQVtXlbpZwyedc,A10BD04 ,BMvNRlIJGhryurKcCJYu,2001-05-26,9049,1985-09-22,2011-11-17
sbiKhsjixxQkFmAHixEb,C05BB04 ,EkVeLxrapfybMMgzMYuG,2013-10-06,9990,1907-06-10,2006-05-31
NZUKlwguFSPJzhugetMl,N02A ,dFDXRybZRNBoljiKlkIn,2014-01-03,3431,1925-12-26,1993-05-25
GYqtjGJTeGtwaTNpOIEE,D04AX92 ,bTFSaqgCyOiShwWEXmtP,2010-12-21,233,1965-05-21,1994-08-10
byIdtIUDvkMnFuiOHgXe,S01AX01 ,HnTlINrfjddqlzYUQcuL,1997-03-28,8468,2016-05-16,2021-10-02
JQuCtyXRkDvaHgMvFQeY,B01AE04 ,zdzeWuKWvCGxjQMGZanE,2023-01-06,9516,1951-02-12,1997-02-07
vwKuomMwfadHMGVCkUQH,C01DA52 ,xsUvrHjMcziZvPoFOEgW,2019-12-29,4760,1961-11-17,1964-02-08
PMMmiJzLlPJMboKqknoG,N02C ,oFuqcOMgpqfEeFYfXwrB,2021-07-26,6482,2004-08-10,2013-05-22
MVSOZmpiabLHSXOIDJLx,D08AJ02 ,DYFpqzQNYcFsahnPxylL,2016-07-24,4821,1927-11-24,1944-12-19
sIxgfXkPCGHKQIxaTCWg,R05D1 ,xwLbAcKFxPZRjbrAvwzZ,1994-05-25,9550,1946-06-04,1965-10-14
yOSvVIucgizRIyDdkqwE,D10AD03 ,sDguDdYZCToKtocIbzuB,2009-07-15,739,1961-04-18,1997-08-24
jllYxvwWuPdfgMOeDLJJ,D07BC04 ,EnxzzfMyCpfxoBjpDaKE,2005-01-06,3496,1910-10-04,1967-02-27
HCByFeniGBmpLaYaGune,C10AC02 ,NbNcocDiJXvSXEgbWrvl,2018-02-20,7702,1936-11-26,1998-06-04
zLCfqTCMywhWIbbcUdLW,C07AB03 ,GRMPIqCJiynbbjDvrusc,2014-09-22,3405,1906-04-24,1959-11-17
wrqeUXWbYllrCmnvOfXx,A06AD10 ,kMAOGadMmQxEIHVxDsGk,2012-11-28,2487,1940-06-28,1997-05-04
IUZYuwnhxTcOMlrLWVhu,N06AA09 ,nVmYQobtfAkhRrBWrrRQ,2012-02-05,4376,1915-03-21,1950-03-16
gsceLcKUXKbvDKYaSLJe,XHLAA ,jVasRrLDgjqIbsXLsqaX,2007-01-21,8327,2001-05-06,2021-09-21
wNIzlanULZfvMioTkgvw,B05XA31 ,caWTAXJJNMtFuckAaekk,2016-01-22,6332,1946-12-17,1948-05-11
ATjDdfxmAFYZZpFPaIiV,24F03 ,cHnPROIKWiSDbvIQEEnz,2008-06-12,312,1907-05-28,1918-07-26
bLZkpqVwunDrAoDxuTgK,A02A7 ,bcjEqoLkbbyxbHyISFEz,1994-09-20,4029,1968-09-12,1999-02-25
CnWljuXeDiTLEvCNdUjN,D02AC ,ZBzDWiVOxofzcJXeUPVS,2020-01-24,3415,1948-08-28,2006-05-16
ZAhdEMSJQBhVPvmqgTyB,A06A6 ,xWgZVbHvKseVrqGNPpHT,2002-12-01,6886,1950-02-17,1995-02-10
rQmJvrPnuQYRgKUQPRcl,S01BA04 ,DvSTEsfcoEYsmxFqpEwC,2000-12-02,1188,1947-03-01,1948-01-14
ksmTewzmmRqKUgntNKKI,C09AA02 ,mlMtMsGLrbmlhUjtIubv,2008-12-26,9939,1959-08-20,1959-08-28
aqmHuyepcvccWbGhgmYv,A04AD96 ,bLfwlKIBZSkZvjCZsCzq,1996-03-07,8786,1950-05-31,1995-11-22
nZOZsxMshvMLkhFyUBwh,J07BB03 ,oLxzIJgMepmQzlaHXGoo,2004-04-16,8307,1900-09-09,2015-02-11
YdrKzgZkNgkQBnLzslsj,C09BA08 ,qFmZWjAqWTGsqwVAjvVc,2010-08-01,1603,1957-06-01,1969-03-02
JgkbACrdDHFGankUiCnS,R03DA51 ,LPKxsdmZByJUHQlQiEhC,2007-07-06,4643,1914-03-08,2010-07-18
drBWDwGsaohXrPTQWinn,R01AC51 ,jwNmRXBkftsuQSQEAGtG,2000-10-16,2597,1974-02-18,2008-07-24
jgAdjhTyDSQHZrcgibvq,V03AB17 ,pBiYLtjKduZZyuhKWKHw,2019-10-09,1229,1954-05-28,1973-08-11
WvwMisTcXRKLfpEzLjcY,V06D ,EUQdZvAHyddKpoeFoxrJ,2007-02-17,3837,1945-06-02,1969-05-19
neGkTqraaaHHAZdVxCCe,N05AC04 ,aAMgDYPaOPFGbSbfjzQL,2017-10-30,3295,2014-09-27,2020-08-20
vRgWtCvYMBtHpVdSXLPo,N05BB01 ,XZHWzbTFXOzEsToefvYr,2003-05-20,6740,1917-12-22,1982-03-05
judofXPFqjzwXNvTzZgZ,J01CE10 ,EDDJfvYBBJaDfFuIoDDh,1996-03-13,1531,1965-05-05,1969-11-28
uVjCVSuaFplgzxRVPUgY,25A14 ,WvhZDRXZNPbJaaHRSlyx,2020-11-22,3280,2003-10-12,2021-01-26
TnFOEsCleLrSOkkFEPIM,J05AR18 ,zSyPmSDMPTBclEliTTre,2014-09-30,9435,2010-09-24,2015-06-22
GYeEUBeAFVwhpfaHroQK,L01XC11 ,XEEFNhfyxNEJOWdGVWPi,2022-11-24,4975,2001-03-08,2019-02-25
XXbCpDONpcfWgXqQrCmp,L04AC08 ,gvvmfNoTPZwQpegzFTtF,2001-02-05,3810,2021-03-11,2022-10-01
wzhajFgBeaZjCOTIWPZs,A07A ,apWnuyELUnQGycWSRcoq,2019-03-06,6037,1920-09-28,2021-10-08
NJMEmKCrEUIpjVbNRHiJ,A04AD02 ,aLLxDEhWBDpknCYPhuvb,2013-12-29,8315,1924-05-05,1978-02-21
pCOswhFSpAYbCYMLnxGp,M03B1 ,GubNlWWrfeBQEgVhYHhZ,1999-12-02,3880,2003-08-05,2008-07-24
wlRsiNEPfBPZbwBZFKmv,S01BC04 ,UGJHUuNtxmDmYBlcDnTt,1998-04-06,6185,1986-05-29,2013-02-24
QACyLrWnsjpJkulDPRgB,C08CX01 ,CYWiQsqzqWPVoBAhCluy,2005-09-24,8157,1913-05-09,1966-06-03
bfBDhZwyFPYYJNnkgPpV,G04CX ,JoudCDecScOAycikSsjP,2004-10-15,5660,1970-08-17,1991-06-12
raEjAMrmVRWqYjoGbPTj,D08AC04 ,vvUicVjsDnXqnZoWlFPK,2014-07-15,5664,1934-07-25,1939-11-03
GrCVgcFmpPcnwAWkJwPU,N03AX11 ,IjjepwxFTfOFLGEehlkz,1999-11-12,9974,1976-12-21,1999-10-15
NvNLxbUUBgWFSJUKZHNP,V04CA02 ,JGeprpEBHoLnnLeCDxMs,2017-09-19,5509,1917-01-08,1948-07-19
uoKDDcFrMRZKEmcvNWgQ,A03AX04 ,FSHKoLrxTTVFbSCsccWk,2002-12-25,9823,1943-07-09,2018-08-23
ckUtiDFSxLxOFCbTywku,L01XE02 ,joVeFukfgJznVjzdiBNC,2023-02-07,8421,2000-06-06,2014-06-04
dWWZTWlmxDueOrJcqADb,C09BB06 ,qjyxrylNIdpwCXLJoegj,1999-11-08,2594,1960-12-11,1962-01-30
WAOLVUUnVEnvdoycfGiq,C04AD54 ,BvVtaurcbvQQwitooMqt,1996-01-09,9433,1963-01-24,1969-08-19
DwZjGWuaRIClzkNSsOWg,V08CA10 ,oaXmDRVsyhgUUKYWNTrb,2020-09-07,1567,2012-11-28,2014-01-09
OhfJUpOJOdlKXPgGaZlq,A12CX91 ,voEzGrlCwyTqfMnzeNWN,2010-12-01,1177,1979-09-05,2021-03-04
QjqRCTIZPpUOnKyxXnXJ,J01GB03 ,IHtIBvPNOJYzAiaxNmmh,2023-05-20,6450,1917-02-14,2001-08-03
GrSskVNPwPDEsYsqabNf,S01XA19 ,ERxhQhxHstcexCteLkuX,2008-11-15,3686,1953-08-19,2000-02-04
TVIdpquxyOJPtMytNrDA,J04AK05 ,EJzBiZjTlFMntqdXjyNB,1996-02-01,1644,2003-11-21,2017-08-21
QrpicBXLQxomlVtPiqMr,L01XE15 ,kycpNdDVdgkaqzVfwNbZ,1997-12-13,9578,1900-09-14,1991-11-09
SwUKGPckTbaCzoGnJkZJ,N06AX26 ,LXMAsdBNAhvSzYeTCaOR,1998-03-05,3694,1901-08-11,2000-12-15
hYqgiailEkXKbytfCSdX,C05BX01 ,HodYhwugGSjlIodqOICg,2018-11-12,5988,1902-11-01,1969-10-12
kjlQVVUEgPHHOJnJzflm,L04AC02 ,VHNFTWCZgTRKBWBQzerS,2013-02-24,9049,1935-08-18,1999-10-21
pwsKiunWddwsnwptEgeW,C05CA92 ,BEhNVhvCTDsaItjxlWMO,2010-07-13,3445,1965-10-29,1968-10-04
xodRNXVPiIMWusJTDTQN,D07AD01 ,nWNmZjWPCIrmpGocKddB,2018-12-28,8959,1999-08-06,2001-04-24
mdNrKWrGYlFwoPNOjIzV,N07BC02 ,YMxJjgGcChRFLBXuTywF,1994-05-18,7094,1927-08-05,1993-09-25
UYCnZLtWVxPobyVqKmJM,L01XX32 ,EDlfgwRlOBjCqGcFXvKu,2020-08-08,5310,1918-06-20,1989-01-07
emabqwROCwbTsqguloWf,R01AD60 ,sXxndSYMQjizEfJOjTYS,1997-11-25,3724,1977-05-15,2012-12-18
IXvvBRmnEGrQwYIBSRiA,V09IX05 ,THaKEGyhGBlaDyMMHJVt,2011-11-06,1467,1951-01-16,1957-02-28
LMojCpTacAHdRRlAzDqy,A04AD96 ,AoGgOxPuUfXpVVAgFYLG,1999-08-19,7450,1910-05-07,1934-03-24
QIsVzjcKZuWFyekmTpJm,C04AE51 ,dEALkdbVQSNcAPMnetyE,2005-03-14,8698,1959-05-26,2011-10-17
uqVZgGCfdoEQpfiBHXSa,C02AB01 ,BnAHIWeAJcdABQFMGbWe,2008-10-19,4473,1907-11-26,1998-04-10
fwNRFhYvkcxiWIekakyd,R07A ,nIjtbPHTsYjAXIXItRMU,2004-10-08,8827,2001-03-29,2003-08-30
XeCKadlyCVSGrDkllkJa,A07FA51 ,qqZGlGHPkyAvQfzKCuke,2006-07-08,4203,2012-03-03,2019-07-03
UglKoWPjGdxCGlqKAxRu,C04AA31 ,KKZloYQmvpyVspMCruII,2010-12-28,5762,1960-11-06,1972-06-13
goLzrYWPlPrOWVeDjcOk,S01EC03 ,PpbXqSogrUnJICyLxSKM,2021-02-16,5353,1973-06-22,1988-05-24
VHQwvgGLZMybfPGBZovg,C10AB09 ,lZYgzrfZUhiKQYIOrbUb,2021-11-06,3340,1948-01-08,2004-03-21
SWtQlIUAxssDypYfjKev,J01MA01 ,lcwHEdbFJpCJWIdZoODx,2014-04-09,3286,2018-08-14,2020-02-16
oArlJaygTILnWyEpAAeg,S01EE04 ,ybOcFOClTwKFcfRocRmF,1997-11-10,5294,1984-10-20,2006-12-22
fOGfJvZMuHkhmfqlxDFh,N05AH05 ,msOQhzDboGxwRcwfNFco,1997-07-15,2182,1951-09-13,2017-12-16
AYWtclKdImNnssflTwuZ,B01AC17 ,zzFscRWSbrsUCeGWcoIw,2010-09-19,8023,2002-05-14,2006-06-26
rKXKghEBOrcyodWKqzEm,C09BA09 ,miWwlNPOczasfidnQGtZ,2000-05-12,4577,1918-04-23,1977-04-08
REhyPUtUjhNRMdWBmIeV,C03AX91 ,WTaSbxkyqsunOrBFfMUR,2018-01-09,8370,1973-06-21,1973-07-19
AqsMRDKMknSVPzkcVueE,V09EA02 ,JEcvvWVcwzBRkSVGOETq,2010-04-18,4290,1929-06-30,1941-07-31
cyklnWVXhtUkspXCErIQ,L03AA10 ,GbWDOyfAxauUkhivpJwS,1994-06-12,3746,1935-07-16,1939-09-21
SFyiYOlRQmlPFcBoVVJG,S01AX18 ,FGmOjAaRCBFtZADbSePd,2001-03-28,834,2019-08-07,2019-11-03
DiANJyRZLDdFvwKuJIGI,C05BX ,TRGgXKQgqpCSdyloSpKd,2012-12-22,6117,2020-05-09,2020-05-18
KNmycPsLkpMUFPazBOZh,L01BC03 ,HzHPqsdYpsgJWfRUiEyW,1994-08-04,7600,1925-02-17,1964-01-13
QAfGbvxpVgdqXOhcKilQ,S02CA06 ,cXdweSMJcAAtfQuAgJTb,2009-06-19,7942,1907-08-04,1921-01-13
KXoIziIRPmRQTUVlicuu,J01DC04 ,mTSrZXNkRFmUTUVifzhC,1999-12-07,3091,2002-03-06,2002-06-30
KSOgCNxXWCRXaQsnJHcd,M02A ,UNbfMtTpvFmTZJlfZTXf,2020-12-10,3429,1956-12-19,2017-08-17
CjiuStRjGfXPaEEFFhXc,A03BB01 ,aoPVwTiApiUmDwoYzXsp,1999-10-04,968,1955-03-24,2019-12-29
MvlqmkmABmcJvpzokgCU,C09DX ,UHxCbXDWpFzGlACmhYTs,2023-05-24,6317,2004-01-11,2018-09-10
TRjmNQYtWRxYXoDWGrbC,R07AA02 ,DQPMmBgsGnLzGmsSksUr,2022-02-18,9212,1954-12-26,2016-10-14
ZNqyZUYnpFigXKjhqhos,C10AX95 ,UQRLWSutRNzIUKmMOsll,2020-01-13,873,1963-11-05,1989-01-13
RBPRtxRWufhDhRHBbEYA,XHMAA ,dKqdrdLGVMlIrvuDJVvA,2015-07-31,1374,1992-08-20,2011-12-28
RwiRGmnpuEGHvfHnlpQa,N05BA24 ,UgpkYMSeRMVMQAjjfMBH,2012-01-16,3626,1938-03-21,1948-08-24
MHbWulXYFFUmHNvooruD,L01AA09 ,DNHaeiaZFCJvNFCTiWvL,2005-07-29,6725,1903-12-23,1996-11-15
oAXvLLyEyHlTrNZEcEyw,S01EC02 ,LuqaJsRNPtrQMYFimybP,1993-12-02,3345,1924-04-19,2000-07-04
HeywrTYOEhTbPqLOHSGu,C10AD92 ,GYxEIqeDHIFNGVDIlTmB,2016-04-12,8191,1961-05-10,1976-04-18
nneNbQOfKyJrfboEiXKg,A10BA02 ,IhjGDhNnBjskCxeTYfmP,1995-04-22,3293,1970-05-26,1990-02-13
AaAeQRYnAioPKPrRlPyz,Y1000 ,oNYhTVHuFJVfjbanzRqh,2003-12-15,6445,1943-03-14,2008-09-16
pKkilTTOYsiFdRHWssrB,C05CX98 ,FSXnsroXXjbJgdDhIuBp,2001-01-05,2888,2000-08-18,2006-09-21
XKlzdcBxruucnwEBLtKT,J05AX07 ,FINnNJGbzvheiflfwXCw,1999-10-17,9661,1906-06-12,1937-12-31
hAMWyTVPTngmGfGqgykO,C05BA03 ,zCwMOIsLzBrJAJRtDsoG,2005-05-28,7377,1987-05-01,2004-12-28
JvlNzmKVKvmPfbjrgdxA,A12CA01 ,aTkijWflZdGaCZEkwFBv,2021-11-06,1911,1969-06-13,1974-05-16
ROUaSQDDrRtbWeXFRnrE,A10BB03 ,DzrrgIWXNEOrWFdcybYa,2022-09-18,2491,1989-02-14,2004-04-24
kpQiCcHeBAkhXtYURzoy,C09BB04 ,EOHYOvuhyMmywkRWlZQz,2005-11-30,9476,2001-03-15,2012-09-28
ZWSdDjxscIREOerCdYTz,L03AX03 ,qgYKHDMxTiWAAlwfHQql,2022-12-25,8557,2012-03-01,2014-08-24
MtUOWCwUtMnkFQGmhZTM,Y1000 ,BbBAasDFGbYRZPqfbJAG,2014-07-05,9405,2013-09-04,2017-05-07
yLcUHEEoUUKmTaxQXCbl,C03EA13 ,jetsVvCucmLqREFwCSYg,2015-06-05,5140,1957-12-11,1991-05-26
WShxuTcYqIexVptjDVis,XCPHN ,mZQpOVsdkMXuIzfBoWzd,2011-10-13,3241,2011-09-13,2014-01-19
xlXlgiGLRhxACFWJabHU,25B12 ,kIsBFKAyEwEcrNTekWiy,2008-12-11,1437,1921-05-20,2016-07-09
rLyWBhHhWxPYQbcHgEeq,J02AX06 ,gSyRBEbexlQMOZuihsKf,1999-06-12,8212,1988-03-21,2009-06-25
QqlHPNhwsEjBncnsLhPt,D04AA32 ,QVCoTUTChBzhgDLVlHhM,2013-11-15,9442,2008-08-09,2016-09-27
RAkEsOVrDtKsqEgoGCUe,L01XE26 ,mgJCvyhozntgIxiLiZyD,2006-10-04,7561,1945-03-29,2022-08-09
xrKEGYuSwTLkpAmKMuUJ,G01AF08 ,xENtRvenuIdNlerSGFfy,2019-10-05,6215,2020-03-19,2022-10-29
kROWhhtdrQzloyElsmdr,J01DA22 ,WriDdGxFkCoDFzBhPBGs,2022-07-15,5065,1957-09-07,2008-08-30
yuzYzYPAcXjlCJMutrpv,G01AX12 ,lCYdeUxHhOHPcqXNztqw,2004-11-28,4641,1919-12-01,2000-08-24
imrNwDsoLNtNFNzjCInD,R05CA03 ,KsWVymGESjrOgyqnEQPL,2017-06-16,6550,2017-02-02,2017-07-18
aYAnDjBqLQHqfxgYuRmi,C10AX94 ,CJxZItMLulaPzNaHUnkX,1998-06-18,8195,2005-01-26,2008-09-10
GFPzoFMTLPhYwZvvFuNn,C09AA16 ,ofNXjgpKQeTRhcAMwAfN,2015-05-31,2330,1968-11-19,2011-06-07
fqKszMzwDbVuJcopGIOI,D07AB07 ,VcmcUvQQZRKLmknHRsMv,2014-09-12,8303,1984-10-07,2013-04-24
mkJpDZAQuoNfdksjjkhn,A16AB07 ,qNlvTSNtcKcONJyfsoqS,2014-11-03,3720,1903-03-18,1921-01-14
hXwHuEHEjhAfFKwYDTcP,XMESP ,QglJOVKmGOUVfiUVJvHZ,2006-06-29,2530,1915-03-22,1949-05-27
JoLAbxUWbLKjwcCuuaLG,G03CX01 ,WpafUUuFjFqhQnZxtLtz,2010-04-09,6513,2022-03-14,2022-09-11
pLlwBCgZHOlOEitasjhs,N06DA03 ,yOzzglpKiwPgprdsBmIq,2020-02-16,3692,1961-02-25,1982-11-11
thfjJXEPzGIlPwfoyTDd,A01AB12 ,GdMlgeVSiMONzGuXrRvJ,2005-04-23,4966,2017-03-14,2018-01-11
ydpaBTFRNNToASaWviTA,R01AC03 ,BQvTifQhYXerZxySoIGN,2013-12-05,8505,1921-05-05,1950-09-22
DqGPwqOtWyFUVQxETyKd,N02BA11 ,mjCztrgWJxIBTtOyJHZL,2001-10-10,7122,2017-07-27,2017-10-24
VwxGtgItAIKsgrNejmeM,J07A ,DzxiRzeUbMhulrltHqIz,1999-03-04,4964,2014-05-11,2020-04-04
QVPqzHZFCkpkSNEkdEef,N01BB01 ,YbnczPJmdGZVKUhRKDKT,2016-04-16,9445,1967-10-28,1983-08-18
GmCPZLwysaSRVsZhXsmV,C05CA05 ,sLvygvXGekXjonJeSExr,2008-01-26,5024,2017-10-29,2019-04-05
qKXJfDTDLsWEGzRSDDyy,V08CB91 ,ZDFKuSnOlvPsJCkebAEz,2018-10-22,824,1933-12-11,1946-12-29
WAOJBqMENwjdXMhpwcTh,L02BA01 ,ZSoYlHTIbHMunGtPlxfH,2018-11-14,5369,1986-04-21,2022-09-04
TxUhBdqiIOSvSqdLKaNq,A16AX08 ,GZUayckeNBhGaTmIvkFC,1999-08-20,7801,2002-01-02,2009-05-24
mwuGwhXOKvKoGGSmBjaE,A06AD17 ,CQBYrCoQmZGAKbroARKi,2017-11-18,8992,2009-06-13,2019-03-02
XUakfmzVrhgeDESSlxMz,D01AC52 ,cnugUbkbVhoDgWJCiXiK,2000-09-11,2547,2005-01-24,2010-07-26
qvavHTjKKasJZwWuHexa,A12AA02 ,NYxajqDNhGSZgjbttiXe,2022-09-03,692,1990-06-21,2008-07-21
nmzXqdhxcaYoTAGYQvDQ,J01DI02 ,qPLisYJzcodCBlomYjnV,2016-07-11,5272,1928-12-09,2020-04-08
zQTKFQpCTigskQxGiGvk,J01DC10 ,qfxuCeTmUjMaBosNhbJp,2008-02-06,3332,1922-12-09,1946-07-02
AnrYLItobvJVsEAbIZes,L03AB02 ,lskoEaceLlKkZKflrtlw,2022-09-08,6116,2022-04-13,2022-05-06
TUCGeYsWSdwLXlWBeJet,B03B ,CzVOtsEUCqwTieTMUYJr,1996-08-07,3566,1911-01-20,1919-02-14
zyPPEOFiXjherxtFJuia,M09AX ,YmdsugqeUytGylijJknn,2021-01-20,1945,2003-04-23,2014-02-07
NpWIAupfOEDmHrBzGGnu,G03AA ,QlaQVpVxScrSKApDYtWt,2011-09-10,6805,1994-08-17,2016-11-07
pNMREsQLeviwdjxgEWwZ,M01AX17 ,qDEAhMDbbRIQHNrwwDkY,2002-03-07,6870,2003-01-08,2018-08-05
hTmmaElxOEpquMDeIQzc,B05BA02 ,aOyRvAXJBZyQrfeyFElm,2011-03-02,7438,1935-04-10,1994-03-31
AAeRTxdlpajhTVvWBSJu,J05AP08 ,QvyvAxaxfNzagKAnjnSv,2014-05-19,6292,1926-08-25,1983-06-27
NFjQSQbIcMotAMQuJFZe,H02AB02 ,ZeoACKfidhfOEOzvmGcj,1998-04-23,6438,1974-04-23,1977-12-14
TpzPFnqgrlBKUDSkdfuc,V03AE05 ,pyWuPzPyLnmoJralgcta,2003-05-08,9906,1983-08-24,2012-09-22
ajAgoGkWvMdxtyvKFGyw,M05BA01 ,EivVtCKKhYGgDFwOXdce,2014-05-16,824,1998-11-04,2003-09-04
XlwnTkVXzATUcFZhUbyC,D08AC52 ,AXHkySRSaiCGJuMKVYTP,2003-07-24,5785,1944-06-19,1982-08-13
vVpZkQcohdVkNurXeEzw,A16AX06 ,bNtXnHOYtxcbcCRcyBfx,1993-11-24,9083,1917-08-12,1922-04-15
JvtFkOHWwCwLoxZKcTvl,J04AK05 ,CKyvjHJkMZMBNmvnCfuU,2021-06-06,6891,1997-07-17,2021-12-04
AMlHdGfMJeFoKqvYFfJO,J04AM06 ,sOjtZaPDrLGZcxRtoikv,1998-06-07,5176,1983-02-21,2017-09-20
KjbDUrrOBlyZiBqGmBKl,N07A ,zHqXUzRAGssiRgOZhOmM,1997-10-28,4447,1946-02-28,1982-06-19
horqQbHRrrECARJkfngC,L01CD01 ,vupxJGzIgMzEEnuxQFDS,2023-07-15,2931,1996-06-18,2010-04-11
FJJuIkGqncrWFdeHEJPP,V03AB36 ,eruUVAaRJRUWuKeKavzs,2018-07-18,9010,1947-02-11,1965-01-13
NrYLDJZDiUQVWSJedLFw,R05CB10 ,PZLBUaOTxMPPbGGwjlby,2002-06-04,6308,1907-12-08,2003-07-27
oYPLhsqvTjPpuWPfqlXm,N06A3 ,FRbUqdihWlYhRzqSOaOn,2009-08-18,4969,1909-03-01,1913-06-20
paHyoOyGivniDpmOTjfX,B05DA91 ,ApaKkMZtFaODJKldpCWy,2002-11-18,7612,1928-05-20,1966-12-18
oTBiBISVhlcVwqUMBJcm,N05AH05 ,FTPXSZbcRQQpLqRtipWY,2012-11-04,5332,1950-12-26,1971-09-27
uTVMIPXuqVJXVvmQARpu,H01BB03 ,jyTariJyAgHjXpnDSdyG,2006-12-28,6610,1958-07-16,1981-05-01
jEofPFfojfICbGKKAlMO,C01DX15 ,pNpzILXtLlahnfRawzJx,2001-11-02,6957,1991-09-16,2017-07-18
hRdQFMOTHnFpiBuBXOEB,D01A1 ,UjwBgrcCEikagmVrxvBE,2011-06-17,2156,1976-12-20,1990-07-21
zEAgHHfjMEZjkfMcEWTC,J02AC05 ,tuLtRdvFsmAaVLieNmfb,2020-10-24,3313,2020-03-30,2022-07-19
PFVPlqdBMJkyhYyaCdJG,A11HA32 ,grkimLHSGbRbmwdLCIVk,2015-09-01,9124,1993-11-06,2001-06-26
zIzvKAEsDuOdkYlbpPLt,N05AH06 ,nQeHbjCnkZEalHBIIbhI,1994-04-30,6261,1969-10-22,2003-02-20
hkiOZWIejapjmUTYpjYO,L04AA05 ,vjBFfpOHBAXBlArzSXLQ,2011-07-12,4840,1967-06-12,2011-01-10
LopQAwFerBjTqmwnYuUV,DESCONOCIDO(CARGA),DYOnxrVDTvoBHLOygDRF,2017-04-28,3656,1931-10-08,1948-02-06
AVgQgNOctUWKdnYGcaQw,S01AE01 ,VTXYxTdYroAjycloLnhM,2002-01-22,524,1960-07-05,1968-10-16
VhapoNfvsaSkEacztTFE,N01AB01 ,zkZAwIntppAJcWAvSGIn,2011-06-19,8404,1919-06-08,1963-11-25
BsPqabvlXqmnxVeVwhtr,D06BB10 ,MSvEzzxWIbOHiKfIHeoY,1995-04-29,3359,1946-12-02,1948-06-13
zmdmmycrJXejwwYzPjAE,L01XX11 ,TUfzlDLBGolCubTHfVaK,2000-09-12,2264,1930-07-01,1937-11-28
NCWTORttAflHzeCHRJgd,N02BG04 ,nhsYHfKdSVZmtVgpcQGZ,1997-04-28,9314,2009-05-11,2021-12-18
SNhzMpGjGQTTibUnKoJN,D06BA55 ,QVdSbvWJTXnExLIvRNRK,2002-12-21,2064,1999-07-11,2017-04-22
dgSGnDhIzOSYWGTWimqd,A10BG02 ,hRQlvZrUXfXJWaATDrlz,2011-04-04,2886,1986-08-30,2003-05-01
OlyiajBiTMFyFARLqtdx,B05AA02 ,ynUrcihfhzpJeSnrvomD,2019-12-10,6259,1947-12-04,1975-07-31
cMADYFnXzIIEsuDOOcUW,S01XA91 ,laCtWCOkaDhbhpIdLAnQ,2021-02-03,4173,1929-09-23,2007-08-11
BOCioBwlnYlLvjmoPGuo,G04CA01 ,oClNeJansKpJmYqzWtdY,2008-04-24,1691,2009-05-24,2014-10-31
mAdPXxVeGiUbVHhdsWqI,R01BA51 ,PLhtCfHkZOOqGHAtzctC,2015-06-17,3021,2017-11-27,2022-02-27
ZVGERIBLbXusclbWAmRO,C09DA02 ,BUMvqYIwTsZdagNXiuoB,2011-03-23,6120,2016-09-15,2020-03-24
NgBIHZxnddopuROSYtMl,N05CD01 ,HwplaOCYmdmnjHYuMOiE,2006-10-05,9975,1915-05-21,1973-02-22
JeBWcBsCfwrBZOTwDkod,V08AB03 ,BrNTnGFOpisApKQjXeVP,2002-05-06,6757,1934-10-10,1960-07-02
bwPJpAbdNMWXMGgDCPmR,R01BA53 ,YRFBwsAglZGHlaCmsSxu,1994-07-04,380,2016-12-24,2020-12-07
qaCvQPdHqSfnSCVFZVbs,L04AA18 ,siIqHJapmSAqcDKSpMxR,2020-05-20,8431,1921-12-13,1950-11-29
QkJBOwFYjMGrKoFxibQs,B01AB12 ,bIhrTiEsQzIciliJrlAy,2013-02-04,3368,1982-10-12,2010-04-12
gogcVSLiUNkgnxMblyRD,G01AC05 ,hGnLliTGCiemAiwlWMjo,2004-04-22,9763,1951-06-22,1975-02-17
redLcsuqdRDXUqgTESxO,D04AB01 ,dmpFwriOtaLtohBQRDOt,2009-11-03,8817,1904-07-24,2007-07-19
GwpNzswDXCNzJBKBjYUm,A11HA05 ,yfqVLhtHUNmSAeQylcEE,2017-07-30,5690,1947-10-10,1964-06-16
dGHRismgUkhWFRMKNdfN,A11DA02 ,LHXIEgBxnZyAtFFNlLgl,1999-07-28,3151,1996-11-20,1997-09-09
oKxtZcfHSDyOVvEFqTlB,XANAB ,oVhwQHXtUOCycReYvHrA,2018-10-31,798,2016-07-22,2021-07-06
tvlNsTXdipjXRUcXuhbg,C07BB12 ,ZXqSWVKvftaaFofpkfAu,1998-04-29,9049,2010-05-27,2019-01-28
sejpHkGEmCdPJLnDkSeG,D02AB92 ,HDkRlrxmQopfSFDfVSqc,2001-07-11,101,1964-03-01,2014-05-24
tBgufdpZEOrGkMacBUNC,S01XA90 ,ryfKplqtKwNmwBSdYsig,2005-03-10,9329,1968-01-22,2005-11-12
PyQbPUEHYpmzxXUhzgZj,H02A2 ,vvvuxaGRAvHBGsrEcMBv,2006-08-14,114,2017-07-18,2018-02-16
iXIJdbjoNFIcVRhXQxcr,A12CA01 ,EmCxQBWdTQFvhxoeqtYX,2008-08-18,7537,2019-08-01,2022-02-05
wtixAlzkuDXpTcjXUZLu,D10AF51 ,CikHaxDKCIpNEMbtUXDM,2023-04-09,6787,2012-02-20,2014-08-04
CgbdbCTCgYCtgqfOqFks,A02AD01 ,CkienbtQJLGlTaXMkbpn,2017-04-15,2490,2013-08-28,2014-07-02
VWhyFrvfFvlkdktpIgZm,L01AD02 ,FeLFCvYUjlZRktSyovIT,2018-07-08,315,1957-01-07,1967-10-14
rFQDSloxtqpyxqLdskKp,R05FA01 ,DbREQUctlZeyxRoeDSHL,2007-10-04,6630,1959-01-29,2015-01-02
JXGnyJtVIKlvFFgMetpg,R05DB21 ,SgzoKsokVAJlAgKuBtBt,2015-12-08,1669,2010-07-17,2014-06-20
AGgHWImrGUwHenBFZbJz,C01CA07 ,xVJmPhpzzTJHBwjCaoDO,1997-02-24,4178,1978-08-06,1984-12-08
vBjSCBLwBWGfvkHzEldC,A16AA06 ,xsYZsrBxwYEQwLKNwPSb,2012-05-25,2532,1954-09-18,1965-04-10
mYEpTWzlpZNzWlNPDvcd,J01DA01 ,sHBWOWYKNiFoGFVeSeNT,2004-11-09,9385,1901-10-26,1912-12-04
DtRQfWRraqewVGSijvJF,N07XX08 ,tnrGsVqDlEcRfYOIOMYu,2016-06-19,9534,1950-10-16,1967-04-05
TvAQANqaZUjIwaOLtbjL,R06A ,rljMzzhUjfxmsdiCfrps,2010-02-10,1074,1917-01-22,1993-09-29
naPyGLcVnmQmRAXsrioE,N05AF05 ,eXswcsUdRKtnsugBCwfP,2021-07-09,5805,1993-10-27,2016-02-16
gffgWDkpnkhoMmvtuYXC,J07CA05 ,IAazrsiIgbnxwOfJVaXp,1996-07-03,1989,1999-06-15,2005-02-21
IXaUmjhovqugccnZPjKi,D08AG02 ,zXbkCANcPPetaDsjDKeh,2006-07-31,3816,1981-03-01,2013-09-04
sqkCIOKLoKNOAYuriLig,A12CX91 ,WFepLnDfVDrHKBbVfHiT,2013-11-29,1414,1909-09-27,1912-09-11
UGEXDAzOXtwLCRyfifpf,C09AA11 ,AAGKmBBTtvQWBzfINzMM,2017-09-17,5454,1959-05-13,2008-02-13
XsOEbyDunCbyPcqyJiLw,G02A ,VeOaVJHWgjNQfHFWKbAF,2019-04-19,8880,1947-02-14,1974-07-11
vokfuizYmpbmsuciGsOj,A10AD01 ,kbSlUCHyAjqsoTUsodsE,2006-10-20,5694,1971-04-24,1978-04-28
HVwDDDicRANRlXDhVleC,R06AE07 ,QEMpJsiAxJqwoTLKoOhA,2003-01-26,7221,1937-01-06,1983-02-03
HRapEzWPFJYtClbqOyhg,V09DX01 ,sxtatyuYVVBvPkiFORDQ,2016-08-15,5372,2001-06-02,2007-04-03
RBKpTCJDVpAmVxQkmHIX,V08CA08 ,QHWWVmSmABPwslZozdrs,2009-06-10,1092,1988-01-18,1996-08-30
OySqpaBmOqlGZQOmGnnk,S01FA51 ,iuMCIjRVuaRQaFpimTjZ,1996-07-23,9565,1962-02-18,2006-05-25
GcplwChoUDFZOucmUglV,D08AD91 ,vvhoaEGACitMDednmdas,1998-08-06,4507,1946-11-20,1949-06-03
NHbAcRRRDjDhNhHFJmxP,M09AX ,qSQKhzwAzlSgGBekUjFB,2009-01-11,713,1951-10-13,1988-07-25
zmOUqbcSHSIRhbiuLNtf,R05 ,FtpMZDdosemNqgJdPSTn,2021-06-26,8400,1959-04-25,2001-09-17
qxANtwdVTfaqkuOLrEiH,05G00 ,PZnmorBEsiRJZEGnONMR,2013-05-03,7930,2007-03-17,2011-08-25
PGYmEJnkOvdlaiOMhVLG,A06AB ,ZXpmQYbBURRWEFSRzwMS,2004-07-13,119,1951-04-09,2018-07-22
nKAMpAjUsANRWGVgaZfU,B05A1 ,vEqiRZCnzkpommssnCWR,2016-08-02,7717,1991-07-31,2012-09-07
LQppMJzdveYmyTlOqHud,D07AC91 ,lGbWCoWHsDouAWPNyLrP,2011-10-27,6649,1958-01-31,1965-02-16
zFDmoiYjGtGheXCOxgnn,J01CA04 ,syMyCKzZCIfLrpdwyIOl,2006-02-19,8978,1959-01-03,1976-08-05
cKMBrWbswdTcTtYZkNoz,A02AX91 ,uJPkHxQQIVgnfTplRPNM,1997-08-03,2444,1902-12-16,1968-11-19
jAYLesogEkiYCswzCfLV,23C06 ,sHiBjdqErZFOHYFeeXDt,2010-07-15,1534,2009-02-23,2012-03-29
HvafGCBRahMfLXTkZrIG,S01AA01 ,yQtoXFnqgdCZkRIEhEZw,2019-09-02,6211,1918-07-14,1991-06-24
oXRaRMdBoXvXOoVxuReQ,C02KX01 ,bIqoyMOaYUIFQdmVjrjs,2021-10-03,1311,2017-01-01,2017-11-03
mPVXEBoelUQprPeCmyEv,V10AX05 ,KrLpqwqejNRcBNagzStD,2020-11-21,7658,1901-12-05,2012-06-19
mHfldQmpeBEsbskNEwmP,D11AX10 ,OAhOQmryhkAeknBtgysU,2018-11-20,587,1917-02-21,1975-12-15
JshVdVDDQVygrskicYzj,A03ED ,QneEkNQvKkTrTHTwSrCd,2010-01-05,8492,2004-08-27,2011-01-19
nuOWsitrACWkcOCWAqGh,J05AF10 ,FBxNBqOWBOMoRTfTENIr,2000-12-16,2396,1932-10-21,1964-03-30
UpSvJnoeJVjpTQqmjXIv,M01AE01 ,DKzUtMuokvLRyKenIoLF,2015-11-17,7277,1911-07-19,1933-12-05
LFfexxxSdoSSzAqcztVp,R01AA08 ,izblYizpBIYsdwFWEtvB,2010-12-19,4488,1963-04-29,2017-05-30
IHNsMMsaxEzsooUSvIyQ,J07BG01 ,jfbmsHQAvhnVcasSvSuj,2010-12-17,2978,1983-08-30,2004-10-11
WWWYADPaXFQccrRxLzxJ,G03FA11 ,LkEksVHfgFUOoHsHNEOp,2012-11-14,8340,1963-12-31,1973-09-30
MoBdVAamHWCokKsSGQLf,C09DX ,sPbVKteLDSukXCmyMUgy,1994-12-21,4780,2000-04-20,2011-09-24
lQMBMWNuObwznNFmFyzh,G02CB04 ,GMyyKnWLJOjvmZxKKlBl,2009-02-23,3086,2014-10-02,2022-08-01
GMquaDcYAUntUGDOpJvL,C07B2 ,eAtATNaBsfyOQhzhtWka,2017-11-08,2694,1912-03-01,1984-11-20
zvPKNbNdsswfqEAEnMIr,N01AX13 ,TpXUsJeXiCMLrvZVEkoO,1995-08-19,3514,1923-10-03,1944-08-27
NYAwJGHeyfJzxepjiRTR,D08AG ,IGqYIbQcaQPfqkPnwMxT,1999-04-05,6912,1960-08-11,1964-07-08
bAfkqEQBnyktgUnyOUrM,V01AA02 ,FBbXgbPBZbmaCLPLitlz,1993-09-15,5517,1945-06-03,1966-07-30
lWJACLkCGjYmiisPWFVd,J01GB06 ,jZMRVyvarHuqKQsGpljx,2000-10-08,9800,1906-09-15,1975-09-02
wkXIDgyOCBbvjzpJYrXX,B01AB01 ,PQLnvjgSsCMtMsfIOyCe,2018-08-15,9149,1929-07-28,2005-08-21
FySSMXuyaYCLmSXqpCbj,R03AK07 ,NNgvtPNhwTADkRJoTWqt,2020-02-17,2837,1954-12-06,1997-05-25
aYbBoXrsJmPIBGWNrrCQ,D01AA01 ,HrqigsSIKGnaWtusrhaS,2006-12-13,7575,2019-03-22,2021-04-18
vimMLKgGmJEAsKUroEjb,C10BA03 ,wADnMPEmHomyajUpzzjB,2022-05-27,5407,1924-05-18,1972-11-23
CnIWqIwSRxYGvamNLbWk,P02CA02 ,doDSXWUkeSoQJmOrLLZd,1995-12-23,9396,2004-05-16,2009-09-20
rfJGmJtjfQDwWlMThmhi,G03DA04 ,XpXnCCQbvXNSGnltxxdE,2022-03-18,8560,1955-07-06,1964-05-29
GDRxmXeGoDWdkXpnkTzO,R02AA ,qLflkhCRXnFEzHNphcEg,2019-08-06,2634,2018-12-19,2021-08-14
OGmqleVCJFslEanvDVwk,H01AA01 ,tpBcQIfwWAJEuYEbWkfi,2006-03-29,3808,1980-10-29,1990-12-09
ORqiCVqtCPlnQrUKilTU,J01MA03 ,RfnFnSwgltXMCMmOlSQU,2016-10-26,802,1920-06-05,1924-01-14
rdmdGmZgICNOTvvRqoLr,L01DB01 ,rsVKWQPYUxfPgvUGSzOu,2014-08-08,2680,1902-12-23,1969-12-21
QVvAEmZsCNSTJCKxiVEp,M05BX05 ,ssjNdHTBzfBPjKJhayxL,1996-04-24,7461,1922-01-03,1976-01-24
RfeeNOFYaQZczqpulgiA,B05ZB ,oUQbvyyucpjaFNPsIlfF,2012-07-26,8414,1991-10-04,2017-03-19
nSjtocrRwxUpESvIKita,J04AB02 ,uMpHCEimdvJPhcXxcNny,2008-10-02,1103,2012-06-16,2014-12-28
gdqZKBHAfhttyHOmUqtZ,A12BA01 ,CmJEhxELnfuBRyjDrcBI,2008-03-28,5046,1990-03-09,2018-01-29
yZaCoeLvRNLBVdWkLugi,B01AA04 ,OrqnHsmJCIdVuVEtLXSL,2008-07-21,3541,1992-08-14,1997-02-18
OICQBbJsAKKmlClqpwlL,D06BA01 ,KdKYiDbDlMOOTHPDlZPZ,1995-04-26,7177,1982-04-03,2011-12-03
kvmADzJAPMFyORjVpYTc,B01AC27 ,ChLkusweJnHLDlxaoRjm,1996-06-13,6426,1953-06-06,1986-06-10
TmZyTIxSYyunEzxWPkOF,24B03 ,StvrWkLDyAwTRSEDFoci,1993-09-24,2704,1934-08-15,1999-11-25
liFccIBIGLOuCMQMBeXr,L01BA03 ,XlonFFikKeTxrBPVJwea,2019-02-05,6190,2003-03-13,2007-07-16
nPhBgSpRsTDxVZoxYRfv,R05 ,LXiCepuxxAfJbKsfhWTl,2002-08-08,6123,1946-12-13,2006-01-29
YVjirCnnGkXTaFPYTtWk,D07B2 ,sRlPShfNmPqKTfKYOmZM,1996-08-15,6075,1917-02-24,1991-11-29
hwtGTLhoEgupFWYueBjI,N05AF05 ,EEnwXvdbQiJNIzwprUNg,2022-08-01,6867,1905-09-10,1961-01-25
PkdFXjTMOctrabSXyPGw,D10AF01 ,NRzTJaOtQFeOxwlKUSCm,1998-06-17,3936,1940-03-18,1958-03-11
FEbuSDbEHRcXULilmdzR,A02BC05 ,ZPdKFzsCjZrtJTzdfwnO,2015-05-31,9226,1960-11-20,1973-09-03
UmdxBZTkyapHPGexsljy,G03AA09 ,mOnjBepbPlfyxCeDqROc,2022-04-03,6309,1966-10-28,1988-03-27
WYWySEKDbxahAwOkriQX,V03AB25 ,tALmwWVmeklSAGzfKrYG,2022-04-11,6300,1945-12-24,1978-02-10
wJILwVWgNuDaxnqgpAYG,N02AA59 ,XxexNyCkQxJHrMkesuWb,1993-09-25,4255,1977-09-04,2017-02-27
BeuXGXslLSmfwjUynkLR,J01XA02 ,iUkIDMAkAetUOdnnPbCn,2011-09-21,6458,2011-09-17,2016-07-07
xKMRxyBsoNZmBGugZkpe,L01XX43 ,FfGvKdGUVGsnhSevrZPJ,2012-03-09,933,1955-12-07,1987-10-27
dGJAScRGdPbcTyXJTjNi,A01AA01 ,VBOlJkeLxbDKgkELoicQ,2018-07-29,8807,1936-09-26,1994-10-26
kLVxvjJHnoWKlTORpeqB,A07XA04 ,CLsJznhRYisxOMRMqepl,2007-10-08,3190,1924-10-14,1977-04-19
gfByhugmLCtYjsnUCgSh,A04AA55 ,SRrXgOCLdMcIEnpluNfV,2014-04-14,2181,1937-02-08,1938-03-13
wKGgoSwFIUenENHoxuPy,A03ED93 ,nkBeifVvgwZEsSVdyVHb,2017-01-02,6663,1960-04-17,2010-01-14
dQpsFSIyfnDOuDePaqoN,G01AX91 ,qMMDOtwOWYThRPxzszCq,1994-09-24,2897,1965-08-24,2013-12-20
GwVIvoUGCcJoyaEqxMhX,N03AA01 ,cGUOcpCxEbuRbwiIxMEM,1998-09-03,1911,2005-07-04,2014-12-03
bCmatDkTAHpEcJqudEac,V03AE04 ,pCkZxxKOzyHZYaJLfmio,2014-10-05,7060,1938-06-17,1999-12-09
JiGRsStKAuEdEZVjWFxZ,N02CC02 ,yikopzireeixfkylOlQj,2005-09-03,3438,1930-12-28,1987-01-19
KDqWMlLTLIOiJDqTBuFc,L04AA10 ,IIXjiRrondmnguNAvMxm,2009-01-29,7011,1983-01-22,1993-12-11
YGjpbiqwaKVjdaIpVLJx,L01XX47 ,hsWiqdUruNCybpOtgyFs,2012-09-20,9513,1928-03-29,1933-09-23
iRRvUqhPLCcYviisGcne,L01BA ,FPnAUowVyqqsFuSWBIyW,2001-05-03,146,1965-08-22,1969-02-16
jABJyjTbNayulvhiNDGs,C01CA12 ,uBWAAeHigqhSBOpeFAYB,2002-01-20,9403,1969-11-21,1990-01-30
cOMxLyANtGiRTodzYIwX,B03AD03 ,xsHeJiYyBBkyTTvJdslG,2019-09-26,8826,2000-12-21,2020-05-19
tlooRDCLAGqSdyhDaKxu,R03AK07 ,YlPaqxiwzhYCmtJWyGeg,1995-03-28,6661,2016-08-08,2017-01-16
CvIQSDeQNzqcsidVRFaY,V09FX01 ,TyPDpDNvndnNHMpYOQDV,1995-02-09,3775,2004-11-28,2005-02-20
tOBbwcXdBPyEUmGjWzSi,M09AX02 ,zLahzVrIUOdsyBoXQLDC,2013-09-14,1729,1922-11-21,1933-06-21
VYVauIVWmzJTKFHJYXew,J01FF02 ,aQYfCGzrUJfUnOmecVjC,1996-01-03,6738,1969-02-28,1983-04-26
DBjFXKCMULPuOEXxlUxP,C01BD07 ,lxVMvAKqoWOWVtgKLAaV,2015-12-19,6747,1914-02-23,1970-02-09
aEcCwdSTjFfSHKKBWPlf,N02CA01 ,MOlzaBHBIAGhrZEaOxSQ,2000-12-19,2557,1915-10-21,2009-03-21
wWUUobenYGLipGXmZSXr,R01AD ,rIjkiRwZLXSJwDiSyKoX,2010-03-29,5579,2015-04-10,2017-04-27
nQDNsZNOMgevmKnBIqmc,R05DA04 ,jgycQUmBfyjLUkMEwVLn,2018-08-22,4789,1914-11-21,2006-12-09
BdeJgOCqragWRfUqNQOB,D01BA01 ,rVZntVhxtLPLMgYDmhFz,1996-06-18,6135,1952-08-21,2007-07-15
qhpilXETOfUNUpFlCRUq,A05A ,iiXlMooRBoVblzRtNNBV,2021-09-17,228,1959-05-09,2012-11-08
UXlyYaFeLPVEGLVKYQFv,M03AX01 ,uDvFrFUravZWvjqHTjJe,2009-06-18,3698,1919-07-04,1962-07-02
OLdNcEccqiESdnNHyWAq,J01DD13 ,GNbdUCnuEEMvGMyrlOmZ,1997-06-19,9615,1954-09-08,2003-09-08
wZzsURRFEqbwvGAGrYWg,C01EB15 ,XacHVixEEIkxtkUieUbb,2019-02-20,8165,1985-07-26,2005-06-21
FXnPcHbzYfVoMTyjbZFl,G02CC03 ,yNdRrtUxznLuRszlhOYr,2001-12-19,3670,2006-04-03,2021-01-16
bzewkBlRatmovRXyqism,L01XE27 ,AvXIETsVsILVjiRXSVKc,1999-05-31,1301,2017-02-25,2021-05-29
kbhwGPvnXqZvNlgmGzFC,N05BA06 ,XKvseTwDyYpEQyVgcohQ,2020-02-01,9684,1953-11-24,1973-04-14
VbpBeyFdATQZwBzHmpFV,B05B ,wVcwJHunhtVgJVnQoeJS,2022-05-10,5133,1979-08-03,1987-05-26
PzbUUMbybUHLrNxHQcYr,N03AF01 ,oQBHQjKWHXHXZwPanXre,2006-07-02,6976,1967-12-21,1986-10-17
fdYFSxVLMNFcqSUnuzQx,L04AA21 ,AwpxJCmJbCPwxBgEtAsl,2009-12-31,8268,1939-10-17,1981-12-11
xHhgjYUjlYuleWwlnXTs,A16AB07 ,JiBfSxnbETiemHgpofjI,1999-02-15,3725,1916-10-26,1940-07-09
AgXDZMzJEWeyGYXiimET,S01EC54 ,oExUApJmfXYsZkRNvyuv,2005-01-24,7055,1958-05-06,1996-05-23
ORfGTwuBbrdFCnSkyBrt,A05AA04 ,NrkHYKJqMYyPzGgNMEMF,1998-03-16,2791,2006-03-20,2020-02-20
ypbMtEMixGvrXsolGpcI,R01AD11 ,JxgkrvcIhcTfwsYKWDRC,1997-09-22,4332,1907-05-24,2018-07-31
VaKzPwkvShIPtAsddLWh,R06AX26 ,aJayUOTRnqFcRTQnjWiL,2006-04-03,6073,2022-10-17,2022-12-12
BINwRSBbGSQbDnMxoPRz,R05FA01 ,PfMXPxurJkFJKZuCGoHY,1999-09-14,6256,1987-10-27,1999-05-16
raWoIfWghNEgiURlgwMm,S01BC11 ,EWgWRIDnozVSnoUXizeQ,2011-05-14,5319,1987-12-14,1988-02-28
iLktBzzsyELWUYghxJgy,A04AA01 ,acWtiQMeJjkbeiphhHTG,2023-02-24,702,2018-07-06,2022-12-10
YmKKIhsjOXAuKkjOachQ,A12CX ,TpFoLnXlspJwBQZCPGZX,2012-04-15,2444,1909-03-07,1992-06-05
WYhaNocWlXLcFdYTSeUY,XCOHI ,jKvFEounMefxgCnOuYNb,2014-09-15,4113,2002-09-20,2021-08-21
fTlxxWBmOyfOBKEtOpyq,A07A ,bUJckUXUCMOOsOPHlghD,1997-04-03,6042,1975-03-15,2011-08-13
oAUfKcgMQkPxTVgGQjpu,A11HA02 ,vgTeDHJxbeDrNYwfCJHi,2021-03-25,823,2020-11-27,2022-04-06
KRgWzXFYfTySPAjwiHWI,S01BB93 ,XbQZxptcjeQFvqsCFfQu,2012-07-07,159,1938-12-14,1969-04-29
BHEYpxQtuqhfnqeVeAiW,C01DA ,GRkWQAUAJUqVvYVydahW,2004-04-13,947,1966-06-26,1971-09-09
KwaHUwibzMSgBdLrMTTL,B02B ,UjfrxSAlhImGkNEFotOg,2022-08-23,7075,1955-09-28,1956-11-09
OwAXWnYKmfFzsQSxjATL,C09AA01 ,RnSOglVnNwQBLYMKheZN,2007-01-13,8330,1938-03-04,2021-02-18
xWPwGGQDBiBiCRtvzIha,C09BA07 ,FHrkUaberVqWggdRbbjf,2013-04-18,4084,1938-02-04,1994-08-31
IiGQEeYfrNlriWdqCCon,J01XE01 ,rLNzafcfJwIGQwlUzNTt,2009-05-17,6254,1977-12-21,1985-04-01
ipvVHmpdRLNLzUnnQBQZ,XMPE ,vmhjqRsxKSJPoiWbjGaT,2013-12-26,8929,1992-01-04,2016-12-13
KBEQWIfriWEDDCyLWJLt,24E03 ,UHIRtPREBGATTPteJslv,2021-07-09,2734,1924-01-21,1956-02-28
cZbmNrxFTMiwFpYMVkBc,B01AC91 ,sXrjSAeonHOdfSaeafJy,2010-01-22,1265,1912-12-03,1988-05-16
fYsAhpfZfpsfFLhqvDfy,C01CA17 ,ueJtsrrfxGGJVcfDeNxr,2006-04-29,7060,1980-11-17,1991-03-09
PplnwJUwIoTgMZaTduPC,S01LA03 ,VDjRJVrLVkkTXBMPQIOY,2016-04-18,2760,1940-08-01,1943-04-03
FPZdbgvBgVDXEnzxLLeF,N05CM ,lSsAxxTThRphVTwgnOVk,2013-02-09,7463,1900-09-24,1925-12-17
QcmMUfvOcobNkPsIRxuK,V09IX04 ,oaVEJaAkGJJaMPsIpyiQ,2022-09-16,4248,2002-12-20,2009-03-19
rNymBjsqirYdThYpcaOY,L04AX03 ,TUxVcBfqxdBWZreMZcgC,2019-11-04,4430,1976-05-07,1994-01-29
yflqwqTSpTjCAkOmXQkW,A16AB09 ,bebTkMtOtbEYMVajhbre,2019-09-13,8394,1906-03-06,1911-03-02
keGLCExIMIGrEFJrqUbT,D08AD91 ,rnukMXmcuToWzteFBffS,2000-09-18,666,2010-11-02,2022-12-04
cltEYeJUlVDrBmkoUlTl,N02AJ14 ,nbaMhgokJwBfeqZNqqjw,2008-03-04,4316,1918-09-13,2005-02-15
DssbKTdUSsJAwtGJJuMe,N05BA12 ,aGErInsHTsQjfgazIzzo,2001-02-12,1851,1975-09-04,1984-08-12
TuWSWdJdRYTZLtBlYAFh,C04A ,CzLjsxBUIzpIFYNSVaHF,2016-06-12,6464,1927-06-28,1934-06-18
EBFNXkSlivZlnqfMcbJz,03A06 ,tAsOfdYUlHwjtPeLnNWV,2013-11-07,4333,1915-02-24,1958-06-16
ogCLHhghKpegtAHkKfQl,A01AC53 ,bBLaQuqaUkRJDQjatsGS,2014-09-20,2773,1909-09-30,2020-09-13
vCmtccqwUiANcewvjqGa,V09BA01 ,ocliIchrDaSPkkMkcFaB,2020-02-18,3685,1945-08-01,1988-06-16
yqkAeFaToRAAvMWaucGZ,L02BB01 ,nHPoqfzVRWagveDdSHZq,2005-05-19,3509,1902-01-23,1939-12-14
pwtTVancplmpfohKmtnD,D07AC18 ,lMPWltWqdbEdNjXYsnWF,1995-04-09,6570,1933-03-31,1994-11-29
bJdNRwHvCJFCdjDzsWCk,B01AC18 ,wNTGGJmoWRTkEwYKsmcf,2015-04-18,4883,1917-08-03,1917-12-27
BhmVCYJPPYToDzuiUUIE,N05AA01 ,GvsEpLiRYRlqpihmajGk,1999-04-05,9224,1908-11-06,1922-08-22
PQZdAXTuqGypwSHcaQYw,L01AA01 ,XwUICkIXudssssQvwpNZ,1996-05-10,9090,1988-06-17,2009-08-19
pNGdFCOfOcjwdhnvesNZ,D07XA02 ,QWIbXColeqzDLuIPphvE,1998-04-26,9350,1943-01-30,1976-10-29
gTKOZCWIDagNEWECIump,J05AR14 ,zHAxDHEJqcCsMxHMjgBT,1994-12-14,1813,1989-08-30,2003-02-17
tHGXTrYKzPFVLidDCFgQ,N01AH03 ,IxXDgrhOffUdNBQnaUBP,2008-05-11,3423,2021-03-16,2021-05-18
sgJBuJaOFRBKQxOEBznu,V09GX03 ,QARKkrmzlzbyMeOQZtBU,2019-07-07,6555,1931-08-17,1980-06-28
JQhoYkPlxZXkJZVFnoyP,01C02 ,jLLIawVCjJXejvLSrcJS,2010-11-21,5842,2014-07-27,2018-12-08
xtLlVpYuhoLOjAGyYpsi,A11C1 ,BMVHxlSUaUHqacqxscuG,2000-05-10,9775,1954-12-19,2004-06-28
vsDEDSjWeOlAIZljeeGk,N07XX06 ,jQrWDdZvmLShAglGaUnk,2005-09-18,3977,1997-07-02,2013-02-05
iZFBOPMTHtHWbdYbmBZG,N06BX06 ,MBraRbQlhCtGqayWozVo,1996-05-20,8668,2005-05-20,2021-01-31
YHzhoBtRCGidVuWSoUSl,C01CA06 ,OhacOZeWErUptIjMBZnF,1998-08-17,6184,1974-02-03,2019-03-29
VbnlQWEsyhfNcEKrAxVC,J01GA01 ,ynSZYHynoqgZiAfLqXOZ,2007-08-21,8904,1966-06-30,1997-12-11
QtjePtjbMdjCtIUTwSYt,D10BX ,QGRsaZcCZAyXDLQmOTMR,1994-04-04,2812,1938-06-22,1972-12-27
LfNDyzzuNviiGEdRQGbm,M02AA27 ,DDASkqAjTTmjvhJcxyzm,1999-11-07,7911,1985-08-02,1988-01-23
wgpTZoNfSXCwKsHKlPYl,G04BD11 ,yduHlGzPvpdsnNnWAiIS,2003-09-16,2295,1937-08-03,1945-02-15
xRYwIUqnpgTeAyFEdENi,R05CB02 ,SBsTrowYnbQfVLffcrKx,2004-01-09,2694,1982-04-22,2007-07-21
YqndwjZkiOFFfuUdUZwU,A16AX14 ,jvpVaLIUxTyYLoOqbaMP,2017-03-12,665,1989-10-22,2019-06-10
ayvihCGwrKCFVVFJHGXF,C09CA02 ,RubcIQXjKOWqsIcbVOJl,2022-01-18,8677,1927-03-14,2018-12-12
NHeYKptPZbuGsyHKdnjB,R06AX17 ,WvigprmOGdsWASFtoBhy,2013-07-26,3524,1999-10-14,2016-02-06
aFDAIrHuBqAhmrFORCHS,A12CC30 ,hzRKLisDYMnVozUhgVPu,2007-05-05,4561,1926-07-25,1973-10-28
xJyDVqWuItXOpALEITPI,A13A ,goothnxHyEtOoWYVtNZk,2021-01-11,4449,1947-09-10,2020-10-01
JUBhnBMhmQSigFsqePdL,L01BB03 ,ddwLNGqfLVYpgqueOfzB,2018-04-27,8720,2018-04-23,2018-06-10
AaDUHMNtQUzyPECaHIip,21B00 ,jCWMtzAcXNxEzmsMHOxW,2016-02-28,2097,1937-07-24,1960-09-01
pGPWTdbZdCHftMKpVkmv,C09DA07 ,QPdwRIqBwZlbhMDtPvXY,2006-03-15,9376,1913-01-09,2005-04-10
TDvfGJZCDZHgiGobJaYP,R07AX91 ,JpfNdPDQVAoVhqFpnooZ,2010-06-03,8482,1900-03-16,2014-04-18
uLmWAIwqNeKAkxOQwMFw,J01MB02 ,SwUyNCVwLAVopelJOABe,2013-03-11,3191,2008-11-14,2021-11-06
crmstoBmGnmhHdgConec,C05BA04 ,gDyOnnirecnAfXfYykDn,2007-10-22,921,1902-05-04,1956-01-21
TbnhmbQtEqllASXUgqWO,A02BX02 ,hEyvtZforupsmGsUEDCG,1998-11-19,6291,1914-03-24,1947-06-17
DcBuieADBepEhtwlEahD,25A20 ,RUjEkpNKgwppSnsKlxxV,2003-08-25,9944,1967-05-30,2010-03-25
xiRSWfYtwPuEEULtnDQX,V04CX ,HOuOeTHmQuYWQiCwUscn,2015-11-22,4818,1996-04-06,2022-05-02
WDcWiaxtNhHGPWfVzDhB,G04CA53 ,sphuKVYXacYUEEkRcXLV,2020-09-16,4800,1939-05-01,1948-02-22
HIJlwUtRRCizstGVFgXD,A06AD65 ,giUgNjAzGewFZmeZfRCr,2015-06-13,322,2007-04-19,2012-06-30
LaZqdMVxiuFbSLBBAsXF,S01AD03 ,QBBQueujVgLOmVpiuami,1997-09-07,3689,1908-06-16,1992-06-28
rIaHQGeqzgrkxmwzjIPM,J05AP53 ,hBTgwdHRVfKhGnRDiHCM,1999-09-10,2588,1982-05-06,2012-06-06
jqMaMdyYPtiBxwDxYtol,J07BB91 ,OuXaxrNMMuqktennlpRQ,1993-12-13,232,1998-05-29,1999-02-10
GbIdBUdxCWfCipBQaOnp,B02AB02 ,VqmnHKUPcbqaNbgHQdXm,2020-02-01,893,2018-09-01,2021-10-24
JuiwSoSpDhTUdWzWMRed,D04AX91 ,eadnxUxaUadAbBHLpQAN,2018-07-19,6548,1993-05-31,2004-12-18
ooXfcCKidoCQmzGitSmh,D06BA55 ,mhtODBISCGndtUEDWSwy,2005-04-11,6297,1974-07-22,1979-05-12
QcyHWSyGsiCzImXZSyHh,M03AC03 ,lUJpOuJzCRwzMqmCgzXW,2004-03-12,2538,1996-03-23,2005-09-01
CUqljknuhUbNISqsZIEZ,D05BA02 ,TSNChnXmuauyKuMLDdjp,2010-01-26,4966,1925-08-18,1939-01-29
MLaTFhNKnaGiDuKbmpFa,26H07 ,KMOetXhFEZzDFnBpULEr,2013-07-24,1387,1927-09-01,1986-03-16
DoChjVOChnAHVsoZRzyt,J02AX06 ,tQNYEcZIAZLGYEjuiIrA,1996-04-12,8675,2020-12-26,2022-01-05
zRqElSXraMWilpPlVOPj,S01FA02 ,mACdaDFSmBlxIgiHdatS,2006-10-16,5096,1929-09-05,2005-10-21
zgHsgMCQLsnsaYUIkBAm,B05XA06 ,bJIrIOXBBYsHKFShwLWB,2020-05-25,5550,1949-03-19,2015-12-16
cGFIGVwsINmwtpDWqztp,J04AB02 ,USYnbPQDGrvYPDyWQrHJ,1994-10-09,1545,1967-10-16,1969-03-24
PSAgcjebnxqqjvSzJGMW,J05AR19 ,xFEqibxlWLcaKRqPnCvJ,2017-09-03,2316,1911-07-05,1991-02-11
VNCRFXLXnjkGMBsKwOud,XMPPE ,kJtHIWHWIxZXwAPKJuce,2007-05-07,7631,1938-05-08,1955-04-22
EmKEptueZLHASqWgPCqB,A12AX ,fzMAArGScskEaGYckGWT,2011-11-09,8203,1928-05-14,1947-12-15
pwoTmDIhyENiLOyjrXRB,A02AG ,SHVnHTYnvYjzrSuKQodh,2009-01-09,1273,1942-02-08,1988-03-14
xpVPRCwmmDwWEPProXKH,S01P2 ,jMyCsQcLNKWWDPQTBRXu,1995-04-11,5715,1958-03-18,1985-06-21
SzKiucfOZTMDUCwVQbib,A10AE05 ,JogvtiGHIZGfdwjCWXLB,2010-08-23,994,1967-05-18,1969-02-25
EHQYLNnVXUljaxqETKhJ,C08CA01 ,BJFNwgpYxtmVpFahakso,2009-04-26,9283,1971-11-05,1982-07-09
BQDVxAfnvMikORcSCHwe,B01AB06 ,fqwqDYVHnZHOMEFMIlAV,1998-11-25,554,1967-10-22,2001-10-10
NqamsiRpkYEFIcOAcmve,J07AG51 ,PApdNhLAgFnrtoOXbbXO,2021-12-21,1934,1964-09-13,1972-05-07
fspEqIGQWRvBvbWsodKi,S01BA01 ,EAZnEnWCWuqYaXnOYQqz,2005-02-23,3155,2005-01-23,2006-04-08
aTaSruHfCbZwYzUMhZkW,A11EB ,LJYrhupPKTDYCCWexdUJ,1996-03-23,5081,2011-07-02,2018-06-09
lAhnzzlGUjAaimAYqAQn,D06BA01 ,iODnBWwhQIgIHqqhMGKV,2014-07-03,7271,1953-09-19,2021-01-03
tsAeHyieqqpBkYJAROOn,J01XX04 ,nEgsJMiNiyuGcaCSNTCS,2021-10-18,2765,2000-06-21,2018-01-19
OYqWZUWXWZsfKHujBeeu,L01XX25 ,QUXqyipUHyvDYjmyuurc,2014-09-10,8622,1957-05-18,1997-12-04
OWMcTQXsRLlUdSPZIttz,R03AC13 ,mSNGKzUyfoFfzvrjixnp,1997-10-16,5472,2012-07-21,2019-09-28
SAzwYhVnaVyHMcwjNxfH,G01AX12 ,kFqJBkCPYYDJEBQNsEsp,2016-06-29,2411,1969-01-04,2004-08-29
niwlKdYMIOpclptZzfQA,J07BD01 ,ixZuNJyJUuSoTmbyZuwJ,1994-02-25,8457,1962-11-27,2017-11-01
gdlLgRzjJkuHmpTTQxIl,A11BA91 ,AUCubqlejpnfXzBhXHDp,2019-05-05,1052,2012-03-26,2017-06-24
nGsrgeVKDpfGsTOEAoxo,M01CC01 ,yvJPwXAVclhaFKKlBWBm,2022-02-17,2655,2020-01-27,2022-10-12
YJHpRXSUVjLzlvAbvMzZ,G04BX10 ,jhdUvUcTNGRstYjVZcSx,1999-03-13,4275,1930-11-07,2001-11-09
zoKtLcRetEAgnULnkYUv,N07BC03 ,xzvqlypSFnqZTsfHwrCv,2023-03-15,2765,1933-03-16,1989-03-04
MvSBlZoFsBZRvyslyRZa,H05AA02 ,gcdfNgcmMLBNGEKedZBt,1996-02-22,8704,1995-05-08,1997-04-14
KBfgmaWqJCiUnkwOJiIS,L03AB05 ,oNndXUkOueWWVfnpUdMM,2019-04-09,2453,1917-07-13,1944-01-04
XDxNUnAfBtZBDCIyzEfj,N06AA12 ,zJgqdoUiTNKhQksSmLsA,2001-02-05,933,1991-07-09,1996-11-01
VBeHqeEwJDOdXFLaKfyL,H01CA02 ,JgDVKLmmdNnJQSiXxgjH,2006-10-23,9301,1929-09-03,1981-10-11
yTHukPoVzfPeIFlLGVsd,C10BA06 ,WSqrNJLfblrDIWugVZBF,2000-01-26,6898,1975-02-11,1985-07-12
cyFjsNoqMOYhogNpaXcg,J01DC06 ,OwRmnMYlTxaobBHporBa,2004-12-17,5145,1995-07-21,2003-07-17
eSkGgWXbVMpurzyRVlrC,B02BC ,OTYxupcoMriYxoBcgCbs,2017-10-06,5961,1978-08-25,1980-04-14
nNBUfcESFJrSfMzoQZFZ,C01CE02 ,kGLdQrbONiDsWGwMMRMY,2019-09-02,6624,1969-07-07,2006-05-14
rWuvjgWWyPeLZgzKpbBN,V03AE05 ,vouRKeYYHIgcQicGVnHm,2020-10-03,8094,1999-11-21,2009-09-30
lzDZDCyrCZyfdgvNPCgP,R05CB06 ,poSiCiPldPGuihhHxUJy,2004-05-19,7239,2007-12-27,2010-11-17
KatnhqypWnpSqdXEHEnd,R01BA02 ,gaiYXhGgDKlxnRhmoAkF,2001-10-12,356,1904-05-10,1967-10-07
ikyNSaLuzllmRPOPKUJx,V03AX ,KfMnKrErIWRLQhOXdPLi,2016-11-15,5340,2021-04-08,2021-10-01
MABmtEFBGvBfXGePfakj,V03AX03 ,yzaIzbJsBkvYiifRBlVy,2000-02-25,6935,1918-09-11,1935-04-21
iVOsWsghLyblUbjjVoNL,J05AF09 ,orOjtmwDiyFQqbNqUEHT,2019-02-17,7616,1982-06-23,1987-12-21
QziXfYiBxkNuXbTnmilf,N03AE01 ,JQTOJRAABQbpnuGFzFDr,2022-02-01,3886,2001-06-07,2010-03-03
uDypOmuQXzRQQCxFFjPV,J05AE04 ,KrRbwMmigJNpDRyxyhQp,2012-02-15,7660,1937-04-13,1973-02-24
lmxJegZYRicKMSyDnHeL,S02AA30 ,AUveQqIVgnBqkWjftVXb,2016-10-15,8342,1930-04-19,1957-04-20
MoNWpnQgcSyhtzkYHylj,J06BB16 ,kqFAOYXLmgEXEnOtDjDc,1995-02-23,2303,1979-04-01,1991-08-30
wTxgNpQqeIUoUzeZdzbr,M05BX03 ,JvTGlNRsossVdbzIixsp,2001-03-21,4831,2020-07-28,2022-08-04
HxgiURdqOWHqDWhzePcJ,B06AC02 ,swyYPOycEUDrTwsevhNv,2021-02-24,6618,1907-10-26,1959-06-05
RtAoPXagRRByqJBubnZK,A10BX02 ,KUbCpgkgGpjxESczJApX,1994-11-08,1740,1981-04-02,1993-05-24
UWBsynaWhFiWVtGtktLJ,C01DX12 ,gnGCaznJjDbcoHVgqeyj,1996-04-16,5864,1901-11-20,1959-06-09
obEeLosZikCOsbUxuZic,N01A1 ,qLItKYASCHNpEyKICMLi,2006-04-05,2348,1956-07-29,2008-07-01
rvOijqKLNEJvMFJxcYlW,V09EB01 ,AmXwglbHxFowGIyrKKyB,2006-04-08,8196,1901-06-10,2019-12-18
SphhqEtVYhaRWiWGKrMG,C10AA01 ,bcgNImsCmUIxGuvIwGvj,2003-10-22,6166,1996-05-15,2001-06-05
UnRmDPfdCxLqnRHunIJl,A03A ,wnZpmbqmfkZCeFJdUUaU,1995-08-18,3689,2021-12-10,2022-01-29
NyIrHPSQciSswJvxBExp,N07XX ,XcoRtIMAOEkLqLWUQcnl,2008-04-21,8329,1961-09-26,2003-02-07
QvBZjEemnbvZIpTnoUOp,J05AP55 ,LLDKkGXtkSoygjuUDpAQ,2019-12-19,1616,2019-10-03,2022-08-09
QEGApShrzAkEOjfOmPDQ,A11CC05 ,LjyeejQNLlstLIiVyHfh,1994-03-13,6083,2020-10-13,2022-03-24
yLqePndOlPgcOlyrQfuu,N02BB ,khDqebyHXlhdoRyujRPJ,2011-09-23,6130,1913-01-15,1917-04-16
uefJOseBmZCRbTistTOg,C09AA03 ,BbiOUyyfjRkZoMUYMdBd,2004-12-23,7820,1954-03-22,1988-06-04
wbkkygOMnDVokGOWWskm,R01AD07 ,MMhVzxuCOElyJDOpUzgp,2018-03-30,8868,1984-12-02,1993-12-24
wSKfDELryjvJJDcGhcOJ,D09AA91 ,QXFQSNLTNZkBXEozWwEY,2009-01-17,9194,1947-06-02,1981-01-06
QaDlPYKVBcTwPXRnfQRe,S01AE07 ,ryGnTjfkOeWkesefxldX,2000-08-25,7946,1938-12-27,1962-01-06
dPEYTthkKaAWJQVSHJlb,J01AA92 ,rwbRacjbnsuwzlwrtPQS,2008-06-14,9001,1906-12-01,1935-11-27
iXqliMXCDygWRwrLlmQo,S02CA ,rskvHIWSRLcDVPitXeQR,2021-03-20,523,1979-03-06,1993-04-21
qwlUFpjTEcVJrvzxWYEp,L04AB01 ,WcJJxVzkgMDVhZMGcyCQ,2007-10-25,5226,1938-01-23,1965-06-01
vcgcSPhcEWxgYrjvvdWd,V04CE91 ,xceATKIjPNfmIjhOphiU,2019-06-07,6486,1950-03-18,1967-11-02
nndCdxLuLcgllZrwAjIV,D07AB01 ,qGxEMUeytkwPzSDwcMzi,2021-12-22,6415,1919-04-07,1957-03-07
jweykbdRwEpTFTrsYBFU,V08CB02 ,CJMJANSJhWWKjdYdZOuc,1999-02-24,1417,1951-01-24,2015-05-03
ZqvjqPHIcdApeeoIJetr,M01CB03 ,VufLvKRSGzqICPdCCEJh,2006-06-17,6311,1946-07-03,1988-06-29
DIPWXTGdPAALFGJXpNRU,L03AX15 ,OBidvvFPfxDiJkiGCviy,2004-02-10,6862,1994-10-10,2003-03-19
UxmOAyqLjeZxRIfRksZC,A11H3 ,jIuuYWXGSFgKSbCKGwmj,2015-08-09,3478,1982-08-29,2000-03-16
ZHmQiKmpJqJCpqHAhWnh,A02AX ,JDKikxwXDYpyQgAINZbY,2018-12-22,6637,1938-04-05,2007-09-08
WwbhVaTJhcbYTXYGrqvW,R06AA58 ,SXMAGvRguGdHlrCQckBG,2011-11-03,7364,1939-11-29,2015-07-23
LLnOmETaVJmxgcEJwjQS,V10XA02 ,oTKDpLdmsQMLfVzGpQlz,1994-11-08,8318,2013-05-03,2015-06-30
VWGpbTOSQbnGEplECWOc,N05BA10 ,ZmXFeSCDGclGAZQpzUsd,2023-07-26,6780,2004-08-04,2005-12-12
QInEnZuHigNOABVPvudG,V09BA03 ,gjBFOSAIUnrMdyqzUMot,1994-12-30,8485,2003-02-25,2021-10-16
JdvqOyPlUWiDuThDHMmO,R03BA02 ,IlAWOOJrePaQToAmPdBd,1994-10-21,1664,1903-07-14,1930-05-04
uHQOQtrZtcWqYRQqOayI,XCPNI ,ThmUFBfakMbDLiaawCug,1996-02-15,2267,1973-11-15,2006-11-28
QOzCMNBaONzousWSOgFS,M02AA97 ,cQyMAVRSrCnoTSxRyDLX,2010-12-04,2066,1982-04-18,2003-09-01
vlSThqZsMjdnfMKrZAEF,A04AD12 ,antPKpTbobVSTPcERdyw,2003-12-12,7418,1952-03-07,1993-10-19
MjfAQovdBMLrbpABHmiN,B01AE06 ,XJTExocGoDQPfUNqAOEt,2007-05-15,7663,1940-11-23,1970-03-30
kQjhBKLLtGwKXWmAMigf,L01CX01 ,OzcIElYRwpmyZnNKdaaz,2009-09-15,9787,1987-07-21,2010-06-04
zDixySwgXYGEwxXGjkMq,XCPNN ,swrfGeViwLqqPMupTypw,2019-05-19,7719,1901-03-22,2017-06-09
PgPGCpYmLKnGwwiJRSEZ,R05X ,iEAbXWayINAFzuxakUFv,2015-01-28,4707,1950-11-20,2013-10-21
eGWKStAWYrWVIKOOymcY,C09AA05 ,rhdKPMxvUozMpBsuZZFV,2016-02-23,4540,2006-07-08,2022-08-27
dILboeWoCUdutqddynXo,R03AL09 ,cXzDelcbKxGCigRBtHQS,2012-01-12,9728,1951-06-16,1995-08-26
eQDSFTbtypatDCYlXxhL,B01AE02 ,KeymWyHEsYjjDrRDlXSY,2023-04-29,145,1916-04-03,1959-10-08
cTuiUEiQlRiPcYosbagm,A04AD01 ,muFkkMyBryFgJTeDMONz,2008-12-26,9340,1969-12-20,2010-05-08
aqRiDERkKuOrSALLrbbk,N06DA01 ,SgFrsraGcdDKbSWPiszr,2015-12-14,7768,1985-03-18,1999-11-08
IOoZryZMtdaODyNVmakR,N07BC51 ,lmRezMTpZHRMPrcOuYlt,2000-10-20,7709,1963-10-11,1982-01-15
OAxpPDxmGtdioqJyJirh,R03CC04 ,DDjQGOVxEyAeNZiebIBH,2003-07-17,9515,1978-09-09,1983-12-24
cnyjROYRYiXRFxePNpIM,R06AD07 ,sTjXwlLVzYDOYzOfzjsb,2013-01-29,5443,1959-02-13,2010-11-05
zWFeheLQPrvOkJedOvEZ,B03AC06 ,RlVhUcytlPCbpEXYsvUf,2009-08-07,8751,1956-11-03,2010-09-25
pDOcOunSFPXOlPlbwITu,C09DA04 ,FHKPvzrIQpGPnBsXMPUj,2006-08-26,4923,1953-06-28,2015-06-03
FJnxYJkbCePoVsZJiPHV,L01XE25 ,PivheCQnMrtscyjOuiEu,1995-12-19,3237,2021-09-21,2021-10-28
kwmuxvUsxdrolZkMhMNN,N05BC92 ,bmbxLrUjaEAChUJPfGes,2019-11-07,8680,1960-06-09,2004-12-26
LgfCLkgzsVUMbGvsUdVU,J07AJ52 ,sgwmHwsmdNVvpbuMqonR,1994-11-21,7002,1952-09-02,1967-11-30
mFXACkOmhyQJRpauqASc,A12AA02 ,RxozxDDmKSyvUGhySIXi,1998-06-16,6095,1966-10-30,2012-12-14
MKjjLdGcflvTdCxWgLot,XAEAC ,sskYUuqgsjFkrxDYrtqv,2020-05-31,1712,1901-07-13,1954-08-28
tgZiyfoizCjrcEaIICKQ,M03AC10 ,dciAyRsneboRQaQVZvUj,2021-11-03,550,1905-03-27,1988-07-29
XTdiLBJPaSOuAsPCONCN,XCPNF ,EEnMiPWBMDCoSelQDnSv,1995-08-18,2352,1938-11-25,1999-04-04
EeRHUPaMsLxlBpuxKTDr,26A01 ,kAxBigEPHbHKSooJppXX,2017-03-28,8150,1948-02-02,1996-08-28
DkNLIYQEweCzFXfDfWqB,D10AF01 ,XnjOtGSpnarhunRLBgKz,2005-07-29,8613,1984-09-24,2002-05-18
wcFoRQMbIgeFqqZfAyMw,C02LA50 ,yaZNIKVNGvWUveojaWSj,2001-04-13,9313,2012-09-05,2022-06-23
dyOxvhbGzFzKoPGKBMTt,G04BX92 ,ESxNrmZyuBuFgdAAsHNm,1998-12-13,880,1922-07-28,1969-09-17
LGyMljHeWOtHNKHHcRRB,V09HA03 ,pEonOZIPboTdlOFhZnKd,1994-04-08,3100,2007-12-08,2019-02-18
dNQRbENUuWAWILSsLVIB,J05AF07 ,lOctICLzSTSPGQFUHZUf,2018-03-21,9797,1980-12-30,2004-12-20
SflkBjrCtQkhQAQoBypf,C09XA02 ,WuJcsRLVzcwgsSwsqHoO,2014-07-24,1714,1925-12-06,2022-08-10
VMuriBVtPIYMSzJGcHer,A02BX ,srjGxyVVDbrdiepekDaN,1996-09-08,9126,1987-03-02,1998-11-05
TkqfNKDhCwnCdCXbBzio,V08CA08 ,LDdCvgXygpfiMKLIeugZ,2004-03-05,4748,1955-07-26,1977-01-26
ALCxtNnIyCWIOJWZHcTx,A06A3 ,fIcJYEdDKNjducfBKCbC,2006-10-12,2647,1983-07-03,2004-04-10
akpEpZifFwGojtyenHou,B02BA52 ,QNssntkiHdAhImroaprz,2022-11-08,6953,1940-09-21,2012-01-16
cxFZCFryrBxMCzwyVIsF,M02AC92 ,OrifNOqEwPbTbCmFEoMt,1998-05-25,5942,1991-06-07,2020-03-23
mpVBffNNnBeEfIBHaNbS,C05AX ,QgzayRxrWlMBnBhXkcLh,1999-02-23,1314,1927-02-10,1978-09-26
skPqAThrelPwEBOdNCEi,19A03 ,qzhEqZGQTpTxKMerYYhz,2022-12-13,9691,1988-12-01,2019-08-14
hmupkshiyVgnZXKEmYYP,C01EB15 ,zGFbJqwAdISwRcKfpSkW,2018-05-06,9539,1957-03-20,2002-10-30
hCSCLPtxWkofkcLcqlxZ,C07AA15 ,saiWLeJKdsYujsatcsSz,2009-09-06,9637,1934-04-26,1959-12-09
eovKdGWGVaDypxyhpyuy,L04AB05 ,OIjxLQtzrOqQhIuCzIOc,2019-07-25,986,1955-11-05,1969-10-27
seNSmQkAJOQKtSMsNwSw,A10BH03 ,EHBcrkDjUiudOwpjBuoM,2008-09-11,8539,2005-07-26,2006-09-09
aNiAdRsiIvywMzEyFWEw,D07CB01 ,bsMAhuFUThvHZWiXPgHO,2002-07-19,8144,1998-06-05,2013-01-03
SMmNTcKhbrStNcCexhvq,R03DA06 ,ymfJCBMYbvBMfzVIvdRN,2009-09-19,4183,1929-05-13,1980-08-18
QauGvkjpskKvkjxuSKqX,L01DB11 ,TICetNQkRLpTMgoevTRp,1997-06-21,9300,2012-03-22,2018-10-25
yXFFGwUKaEeqlSVMOKif,N05AD08 ,penGLQsHkCSyYnKMrIfC,2018-03-23,7778,1970-10-08,1984-04-19
hqtRLzYVkSGHCvybSiPE,C05AA04 ,khWXtvPgqFwsPkysANnI,2021-04-09,4299,2010-09-26,2016-09-26
DEJpVubkPCCLHxWbymqI,J07AG01 ,pckpUolBSjEbpYRxPmzz,2012-02-21,5489,1951-05-02,2021-01-11
KRdcCMlTgAZlAPHhQTFz,H03AA01 ,iNYmNJmKGFQvckHZnujC,2009-08-17,8713,1947-01-23,1964-05-07
aoWwhrQWlgZsnxMZbEPW,C03CA02 ,guepfYbWfNkMsRCiuhcA,2000-08-18,2136,1940-08-20,2010-04-19
uzBbbymBiwmxoIgtRDPj,P01B ,YZpWRYfbyWAFUYhlGkvs,2016-02-24,3912,1964-01-21,2014-06-05
fgcaWqrNNAEIESCKgXSr,J01DC02 ,TAkoZecObQEeKNIdKKYh,2000-05-09,421,1947-08-17,2010-02-01
YcxpYeTxVmVtgHwHlCZQ,J05AX08 ,cQrOXHfNOzOyoOVdQoLm,2004-09-20,9314,1993-01-14,1996-04-22
NqFirGbiwPUUZkyymeel,G01AF12 ,zGxThCNXxmttHQjBbZvg,2014-05-25,610,2017-08-10,2019-04-26
tNjPCoaTjFHLzYbIsJNR,S01AD02 ,eoEpnpoYwWIUmdVZVaCR,1995-04-24,7403,1986-05-16,1993-07-08
ncTHNxfQgnNkHCBUaxjK,A10BB08 ,MRIcnGhdLDkVlrECBdZa,2009-08-09,3559,1997-11-10,2004-12-11
ljSNXRkxdTEeDiflqRRX,N07BB04 ,kBrHGpaWWZeCykiYQIkB,2006-10-04,3300,1995-05-15,2008-06-08
syZwmehohOlPkZCDisoj,R03B ,YxmKbwjdWHMSzhxFVsVr,2004-02-23,746,1997-09-20,2004-06-26
AgAMVaepZMdgcKnjVrzS,M05BA01 ,zdVtjENEwkCbbldZUhfv,1995-09-02,9320,1932-11-05,2014-11-02
paemrIqRyeEOigHwdkcB,N02BA01 ,bvwzrniJVfLArjmWKePH,1995-04-30,6542,1949-01-13,2015-09-01
CXgrLPeArTpiiberqbYO,A11BA ,lLuouyqRJBCInKSXHKRH,2002-01-19,8820,2003-06-23,2022-01-02
DkTvTnTQNCbvaqqMgISc,26H01 ,fnCBYUrcfWayYhHzBioL,2001-02-16,9560,1984-10-15,2009-07-04
ZrVxnWqLZOGTpyknVVDW,H02AB13 ,yHEBuxYwqUbhRKZKrzww,2021-10-27,6758,1974-10-02,2019-07-27
yopqkWvtTAVnhefYjooe,S01GX01 ,agqtFPySdrqgqFHsKQwA,1996-10-16,6555,2014-09-26,2022-07-29
DVgQnHczMlhkQRngMamz,N05AL03 ,jvNRbbIuUxRiokxWZspf,2004-07-29,4342,1990-01-15,2004-06-13
LrHkTdIjJbREJbJQjhqz,D02AC ,GPKnjLPjOojTsQTuAwjW,2004-04-15,6925,1992-04-14,2021-05-08
pPJFnEGDGWXGSgGwDsgU,V09CA02 ,NdimptOnBOdMMitaYbHH,2012-09-26,1197,1998-07-17,2000-10-25
TxbKlYdCUlhYMjsYTpLq,G01AF19 ,ATVOxEJjIiRUbjoBEqmH,2008-01-06,3324,2000-05-12,2016-06-16
eoTIqZnhOypyJhBkzRor,L01XX05 ,svJmkAjwMnhRkHsyRUcp,2000-04-10,5757,1952-06-25,2017-12-27
pXhJZWhBPSPybprLDZeu,J05AF11 ,MMzMJOrylcQsahFxyewP,2006-08-30,3645,1909-08-04,1938-04-13
HQOPRVWFvTIzUTicsXcE,L03AA10 ,IIHJkFfLXDRaqEguWfYH,1996-03-28,7379,1972-02-13,1993-10-08
qIUtJKAGlPBxzlbDCyVP,V09GA01 ,fVeUwnVhehQZTXBHcFfP,1996-11-14,7847,2007-06-18,2015-09-18
iomharqPkiNGlBoKubbD,V10AX05 ,NfUIybHpvdAvoVqbYmRN,1997-08-12,3790,1985-11-14,1986-07-16
zIYsodqwgSlfjVEHoSgX,N03AD01 ,isEvnjKishWqMheHnxCV,2009-10-23,8351,1975-02-21,2019-01-26
CTpgntUApLaLbdWdEjTE,A04AA55 ,DAsAoEYAgjNsSpZEcHyO,2003-12-02,3266,1993-01-30,2015-09-28
wMzUbytuhUgOsdDZNnxg,B05XA02 ,BhALBwhrWgoyQSBHRWhW,1995-05-06,6867,1964-07-23,1997-07-12
puQujFwiOszyYqgDnCwB,N05AX13 ,sdMwbhGZzsXdgSKHYAkT,2006-01-02,8599,1908-11-07,1914-11-19
EBShkIIMOMhLQOpKYJfm,L02AE05 ,ogwPlNKTBcugtevnJEqK,2019-08-09,8666,2013-11-21,2022-05-23
ZMJIphEaYMujjfkHVwxZ,D06AX01 ,zbBaZKsPzsYakpUKMyug,1995-08-29,2823,1938-08-19,1966-02-04
jBTOISidjzHEafxoqQjy,C04AD03 ,RZvEFKFGsRnsBdBmIgOq,2008-03-31,3630,1911-07-24,1988-09-02
RVbHReRPxLCQzWYEokPu,J07A4 ,sGtXogXEfifZLMuxPgXu,2015-11-21,5639,2008-05-31,2022-10-16
qxcGeabymEtFJnaSgChS,23E00 ,qsRlmaJqpdKFZUknppCN,2006-06-23,249,1966-11-18,2011-07-06
MBnJgxpbzcOyPMshKQju,N06AB09 ,XdXmKvFRkqnbaeWkHOxy,1997-07-09,3243,2015-10-10,2016-10-30
ZBiASIuwEPcnefLRVzhp,V08CA09 ,YzXCsGleguxCjYuemykx,2003-02-26,9317,1937-12-01,1941-03-01
kXACeVBEdBIwKweYLWZn,J01FA10 ,bbPiidxwEjhtDAAHtnRT,2006-03-12,1854,1980-04-09,1988-05-04
RCpZcuNqGwymlPqOerhh,J07AH09 ,uTTIXaJrRCATraYdGLXg,2008-08-16,8877,1934-09-26,1975-12-29
HmYuXTEBOqfblOMBBnVl,C01DX06 ,imhSSsbKnHSDQRnVDKcC,2010-02-05,327,1952-02-05,2020-06-05
hTKTRYvuBhEIGvvbYzPG,N01BB51 ,bKdpBISOGLumdaaTnKOW,2000-05-03,9123,2019-07-05,2020-11-13
ObCYeQIGzNGfIRONwTbB,V03AC01 ,UgNpMuVbxiJTIzoHmOev,2017-08-08,769,2006-09-26,2008-05-01
djGtqWtURSyKFKNtqXsF,J01DC ,eJOIDezEcrnSNVrVJWnG,2002-06-25,7788,1974-06-14,1995-11-03
kNEaeWyyAfDViDsIdxif,D08AL01 ,eWhlYOSOYTNmAhQzdlkp,2005-08-22,8081,1911-11-28,1919-02-13
EsTurQLkuduxQqkUIVKA,C07AA05 ,bvOnSmjYTfsTfDDSCrUP,2008-07-23,5930,1914-07-22,1922-03-10
TaFuzqHLuyBAWWJLfEmJ,H04AA01 ,BfkMfmRkQolsTTLpmIvd,2016-04-28,7994,1977-09-16,1992-01-10
cdKQYQCVrIYUZLqefISs,M01AH05 ,qTIuIIxocIhJxOOcaPIQ,2006-05-10,2358,1981-01-19,2002-11-27
mTdqIBiJCNGNEHcyOuOB,A10BD10 ,esroXxAKqZGxUVgSsLya,2016-06-23,5868,2013-01-11,2013-12-28
QKTvLCetEpkENUTKatKc,V08AD01 ,hKEUzhgWEDWfIldvMDpR,2002-10-16,2089,1979-05-20,1990-05-07
XWNZBbmNBFTUuDaIsKpL,C08CA11 ,ZZHLaxelidIaBgLUSlQR,1998-12-03,702,1919-01-25,1956-06-28
pDauCMGjIRQreoFGQsmG,S01CC01 ,mkCRsQLoZynydzMbgANq,1994-08-25,4464,1976-05-13,2014-03-06
mPuxdrjjoxbsOGadUAar,A11HA32 ,puorIwQFFRJASUShnHwZ,2003-08-14,7077,1995-10-29,2009-09-21
RfpvcUqSqdtRrkEcEXNe,J05AB15 ,ZxaLgWsHpiCSqPfwaSoT,2017-07-11,5500,1965-05-31,2016-05-31
IsLrryNtNhibSPDrxARk,V06DC02 ,nKoGAWKPtnEUHxWTsKRs,2004-03-17,1029,1929-01-03,1946-08-25
sWUfYpbHbyekyNDINGyv,L01BC59 ,olZLMnBQoOXGmlInmqgR,2007-09-15,3554,1986-06-15,1999-12-10
ABuYGCKrMoGtHdUHRPaE,V08DA05 ,AVtTpzlXMifeYpvdRhml,2002-08-16,5640,1946-08-26,1990-01-26
TQlKhIrDvNNCnmmpzcsa,N05BA13 ,UIRzhhFqZwOnOZAKSAkB,1994-06-25,4764,1967-05-30,1993-11-21
cbCBqqwuTwyRdMvpJMUv,A07FA01 ,pmLcIUTsMSxKQFkqIQhX,2011-01-03,6412,1934-01-20,1942-07-30
AQuSLDgSrqajsSBExWqP,C07AA12 ,uQEAVQFFXRTsmyklveGO,1999-05-15,8586,1906-06-09,1969-07-21
nLfHQIUJKCPTTJCPNwfO,H03BB01 ,zgliPnCDNSdyLcJPAWnw,1999-12-18,7337,1963-12-27,1973-07-02
EWxziMrsIPvUqBXooSsQ,XCELE ,VwYisrMpLayNaqJuUGTN,2011-07-30,793,1975-01-18,2005-09-30
JxRZBSEZuAWtxdleJvrD,D01AC12 ,iSmGQFHjfJJodxQFhCkP,2002-02-15,9426,1987-11-04,1997-08-20
RihoXXLxqJfsgZAennGO,A16AB07 ,jCYmHimHncyPSaLDHmRr,2023-08-02,6714,2017-02-26,2022-12-12
IUHYMVuBvcMthjvYjXWb,B01AD09 ,aRnhdkDaFhxFkuaBbjdL,1999-08-23,4886,1966-08-04,2009-06-13
ZYQnXDGDiPVvlelKMbMb,D11AF ,GNGcPfaCsiDwmpLNnPWh,2014-06-05,2806,1985-05-02,2022-02-28
qjCNVnAVoaacqSyNxHJX,D11AH04 ,gyYEJhWWgckFSEcuvCUV,2000-05-27,8702,1927-09-01,1965-10-08
mGsPzEDJHLpVUpEGSaTu,B03BA01 ,DSVVvFRKwlHspdnxfCui,2003-08-08,3589,1923-09-07,2007-01-17
gZPOyheOfPXYGtKHXLNX,J05AP54 ,mAuPdZKCPxNFDNEybZmI,2007-10-01,508,1952-02-24,1963-07-21
KhVQvnxPqekLpeImmUAp,R05DB91 ,nBSdhFlrRWmtmNnSZNWJ,1994-06-01,4857,1967-12-27,2007-03-07
frbGFkRnkPpgkKNiRZXX,V09DX01 ,OknRCueDygxaBshQKnuZ,2003-12-30,5429,1906-12-18,1983-08-05
BMzcdIulRdFQyKZeQSgj,DESCONOCIDO(CARGA),sTRKiLLRVIsPagcnuANH,2009-09-02,6421,1915-04-10,1951-10-28
VhkVzbvFBoKOmMsxGiMr,M03AX01 ,MrvOyRUNYlreSsqIFiQU,2004-05-24,6333,2003-06-17,2013-07-15
eOJZhNpClfISFTBhwvpG,N07BC51 ,mzFsgoqVyASwrMRkRyGY,1994-12-30,1636,1995-08-01,2002-02-27
zJKZEZKorMrosZKSdhMs,M02AA97 ,hWxkqglVgRjLSrwqHLsg,1995-05-10,987,1937-10-10,1940-03-22
sstgEXKxYvQYCISDyuJW,J01GB01 ,rdprpGNKcqWqjJSXrAqE,2008-06-28,1532,1946-08-30,1989-01-20
ycCngzxTUulNQrvqdOIg,A06AD15 ,vqziCipCqvYyMBrNPEVZ,2004-10-28,6988,2005-06-01,2019-11-01
OVdqSUpvkZufoRCaMfwR,S01GX07 ,RCSabyaKnuVHkaNoRQQn,2018-05-11,2434,1976-03-05,2014-09-07
mcnLJVvJTCWBYAiCCmPl,C05CA54 ,evaHhOGLBJbnluHQpEvS,2023-04-16,6173,1959-01-29,2010-09-22
BZcqZIWKzfVNvRvNcMzk,A02BA91 ,jQYwlBmfxQXYRyMGOVoR,2012-10-16,6952,2018-04-24,2021-02-15
hPHjotcdgmBZAqiVTFQi,C07AB02 ,XOfGMFJAMJCrKhMDZcjT,2007-08-12,5052,1910-10-06,1916-01-04
ajZTJAEhZizRjyMxxGxU,L04AA26 ,FIQlXsRSKEsEgKFRjMdy,2022-04-30,713,1927-07-04,1979-11-05
BmwCYaQHccWBCjUAhdsT,B05AA05 ,ijbISsThoKHCrRKyguCW,2000-09-28,3811,2021-09-12,2021-12-19
ZDJEnEfNTCWwPZjYZjxO,C07BB03 ,LdHWGukSDCTERUEehsNL,2020-01-31,3948,2008-11-02,2016-01-29
PBrtQmSeArBfKfgIPBwG,A10BD16 ,imnLPXlcxDLkGHMyXjUo,2001-03-08,2357,1915-01-25,1935-06-28
oNFEYkuJjJjMMfOhHDvp,R06AD02 ,KqGmPYNZwGypdfoXMEtI,2019-04-18,3885,1904-07-30,1996-10-11
oMttauPRGBXEfEbQbTfE,V09XX ,lhkaVKxpygjyVFOMpckU,1998-11-21,2099,2019-02-22,2022-09-11
tKPZwBfJBGYyiLdgDLPi,M01AC04 ,mPDaRRrMMKBcLCRBUrPQ,2019-08-30,4389,1920-12-31,2000-10-25
CNRuVDekJcPvMzURvcUX,J07CA02 ,zPUNCiNUvewCQGuPjigQ,2009-09-03,6818,1954-04-19,1980-09-10
IYBfjbDFqwVxgVfTDgUC,D10AF04 ,beRoEHbULQJrTXkheGZe,2000-12-16,3509,2004-04-09,2011-08-23
eAqXQtPqxlUOpTwaEpWK,H04AA01 ,dMxjiFAwEkfGNHZjOlld,2005-03-10,8385,2006-08-07,2006-12-04
dtbCByhgidpkiVMCcMra,A16AX ,IzdRBGDQwNhvmnknnBjw,2008-09-04,384,1926-07-12,1973-11-27
EvJuONkIXPIejkZzSfcF,C05CA05 ,jcoUlciEgARqKIUAxcbG,2002-08-16,8399,1940-06-20,1955-03-13
DAhUyrtDVNbaBWwlmySO,N06DX02 ,XLxMjIcQgWyEOqzWwpNo,2000-07-21,3513,2003-07-23,2005-01-07
cJsSKXIXWoCRykecYpuG,R01AD58 ,LKVuFihOYbfurvMEedYR,2010-12-05,8708,1939-05-23,1993-08-04
rfgwHxEGZwNwLqUlvMPh,25B08 ,cWlBBAgxSLnBFuKxbVdZ,2013-11-18,6510,1967-11-11,2022-11-18
dGVnEoafesJkzojhOzPU,B02A ,AjDmhpYgMcqdYafLezQd,2013-09-11,567,1930-03-01,1999-01-27
nWJnDTJZKmJPXwveUUiL,J01FA09 ,ukVgqeGhzOfacOoBGahG,2020-01-03,5882,2005-01-21,2016-11-19
tNvYAsqUleovQAGodKcC,R01BA51 ,SGZbUVJWaNDLfeqYoefu,2002-03-31,7467,1918-08-20,1945-11-24
DqrIpnApHacqgqdlxqmE,25A05 ,xlrCzRCPkHTxGSOVuGrD,2004-09-19,7049,1926-04-28,1950-09-22
tlzERcNHXewenXuEIylq,A10BB03 ,wAAjTcNUONtpRqPTznSL,2000-06-07,3860,1928-05-13,1979-09-26
XXGzYfwrKlrKSJIadViH,J01AA92 ,lYoSkHIyssGAxSEOtYEI,2009-12-16,1183,1919-09-11,1970-11-30
CPVPuNKyjKDwpfgJcBsW,S01XA95 ,ByCzAHqmbBJHLwgSaODv,2011-12-17,7904,1983-03-17,2009-05-19
dOGmEOLCEbqcKtOTrtjt,L01CB01 ,ILWrCJjjhUgySbufmPTe,2005-06-30,5203,1949-08-30,1975-10-27
VOLHlpHcimYtzURcuAxl,R01AA07 ,ljJXwGaVjiljIGoxWVxg,2007-12-31,8664,2009-01-14,2018-05-17
TPnuyJjPIlhaNjFGFDuN,P02CX ,JaGAnyIkTsIHBGDKhwab,2021-07-01,8658,1900-07-18,1993-11-08
dTBhFAjJGOTHQBGtaLvc,R05FB ,ZBhetHjSEBvfQEmaoSKs,2009-03-11,7058,1903-07-31,1956-10-02
MlFvsqVNtvAKVaaQIHpH,S01AX01 ,BmdsFFVleWRtzjLjhMhJ,2012-02-02,3882,1960-03-30,2011-03-05
ofaHRjCDkzbdKzZeThwO,A06AB02 ,psqGMMKcfqXHqSftUfPk,2009-12-18,160,1968-05-16,2009-06-01
eRGNGAHKBVpRfEJMpgoE,C09BA01 ,PKSsRdnxASFGcGVwZVMd,2009-01-20,5280,1900-05-29,1969-12-12
iguobyFhJieUtXEnDRvy,V08AB08 ,cIDzMNYrIeSZmzxbhBBb,2016-07-08,8983,2016-07-28,2020-09-30
PSdqfqCQYnCMGpMGxSpN,J01CF02 ,umTZGFSXCbdZgPtLMbHt,2021-02-16,5609,1957-10-24,2008-10-20
hdGoCeZfeFVMNCGFcCEb,H02AB04 ,IgkWTxLWkeMRfTsipRBT,2018-11-18,7743,1923-08-14,1958-12-06
SOaOcgBcXrFnOvflfJlg,A10BD13 ,dUBLEejQDIFGlUNXtDic,2018-08-18,68,1953-11-01,2021-09-30
fstyDKtjRoZzYOLyvxay,A11CC05 ,jwhIhLrSbsGVSxMOleGa,1997-07-14,1516,1927-06-16,1960-06-17
qUTzhHjLVYvOiFvxvoMT,H03AA05 ,wYBaawWfTTTjsypZwJQJ,2015-01-29,9428,1913-09-09,1948-11-10
KAREBaYZqcjhTEinBjAf,L01XE ,xWhtKMQgWBHcdWedeIRo,2008-12-30,28,1996-05-04,2017-06-11
TgrHdPnAHUgDxhZcXYGB,R03CC02 ,rseIOLOFoqZppttbrJDw,2012-04-25,2070,1986-02-04,2018-06-21
ZdFfBFQwSpfgEWrNKnVM,R07AX02 ,hGoeJLIZGOixApMAtPOF,2014-05-04,4678,1938-03-16,2013-07-18
jIsSZGwekTkBMhNaMeXC,M05BC01 ,YPuUISoSsiqaVsEkQpIg,1998-12-06,4507,1966-01-18,2017-11-03
TmKIttHGqpaTTGuiDwqB,B02BD10 ,qivfIYtbWKmCifyfwoDb,2015-05-16,2612,1946-01-24,2001-01-06
luvhgWiGNwJQwNmnstWg,L01DB03 ,QqBQQdzNmNTJxGXYWLER,2020-09-11,2622,1920-07-23,1999-12-08
qCgqtCxjxVBZtVhCJHLJ,J05AE10 ,vpygLtsoFokDrmTEnzJh,2015-07-18,1276,1901-08-31,1932-11-28
DHqkxkOHzlFqiLCmlHNy,M03BX07 ,YiNPjyeMZrgPfkQzBKNJ,2016-05-30,7021,1974-11-19,1994-10-25
WOyoqYFjEPIHiJaQQrwa,S01AA17 ,XkfSeGnAJiKIpKSRWrty,2022-01-02,8480,1932-12-02,1996-10-19
FBmarqXQpEEQnORBEYUA,26J04 ,jYHNlBmgAzlpPlHMDtUE,1993-12-20,3436,1901-07-30,1991-11-19
NjlZJlOkWBTdLvoOtdKM,C02AB01 ,PpUyChQyVzTDvAOtNBJD,2003-07-17,4208,1978-07-17,1981-12-08
UGLqtGNkHqLvBoACETgD,M05BA01 ,GYFNNyfzIfFHKWqCCnpT,2012-02-04,8012,1990-04-06,1990-09-12
fVWezWOufDiZsbmQBKZr,A11D1 ,ZdWKxtJtVuivyLBJlBcZ,2014-07-09,4251,1996-07-04,2005-11-21
bYrzgyIXyAOLikCsMYAs,H01CA01 ,fJPkIVvKvmxCyflBYPme,1998-10-06,8850,1966-02-23,1972-05-25
vjqmDZZVcbvWhpoeTXCx,A11C1 ,egvCYgYkkReOOMNvVzUS,2016-05-15,8372,1996-01-28,2017-07-28
IsjAeVziXzTcxtEzIskb,L04AA29 ,QvHlenPqxvUyUdudyuEZ,1999-03-05,8606,1956-10-06,2016-06-27
xkDVVkVhQmbzrUNwsHJb,H03BB02 ,eSIiobuXyvkURcsuroHL,1999-06-20,5140,1934-09-04,2013-02-27
xLdOgAojieGFsPAwzXrp,D03BA51 ,qsmIUReeUcWZkZodfZwX,1995-08-21,3150,1934-08-22,1962-04-01
PusbEVBIBELzmFtjaEBZ,J07BG01 ,ykWBfUBuDERGIbNjUTow,1999-01-03,6984,1964-08-07,2014-07-30
HJTNyvMUQfQdGLkcNruQ,G03D ,SvLkaBONqTHHQbalSQUA,2014-08-10,7784,1952-05-31,2009-01-09
LrHgWpSPOAjCFjfNmzfO,C01EB95 ,rzldGGabVWsHlmMaXxJH,1996-04-13,4809,1991-09-11,1998-10-08
aNeLCjGdXsblGYGPbSgw,C01CA16 ,mhDNqdzbcFsgliWdxQkI,2000-06-01,8834,2000-01-11,2005-04-22
scaRqffeQMUFQwVrYePM,C02CA06 ,LuHdDbixZyJINeUQmdeh,2013-01-12,5613,1945-05-23,2005-06-02
XObIcYYJEXnHMLwjXDCO,S01FA06 ,awkeUDLtwhCTnLNSLSny,2004-09-12,333,2001-10-14,2005-12-01
xlHfpUvFVOCxBRcITLvU,G04BE08 ,tqUpEQetjNpEPyeWNQIf,1995-12-19,4628,1907-10-11,1974-04-25
jztSQyBFSZiXAiqHDkuK,A07BA01 ,AMzaRAidLyOOZSyeQobb,2011-02-13,9800,1965-11-27,1971-11-16
pcbaNJpByGZDQPpVTFdC,DESCONOCIDO(CARGA),fVEinhEgvRNHvIPCQkDI,2016-06-07,4461,1957-06-18,1976-10-23
QTRrkwWKaijHfWwJlAFq,N01AB01 ,IYnOVlPFWXleXldUNQfN,2008-03-04,703,1939-10-19,1998-09-23
HKGEsGevBIIAHjmoOVUC,C10AX10 ,WmjcfpLdTaNjhzegdXmD,2011-06-30,4010,2013-05-29,2020-12-17
PBqMMSQUXEAbgckYcgjv,C07FX06 ,YUaMqfexZPQvsBcjbkHF,2022-10-21,3275,1967-10-07,1999-07-09
DxZumBjpcELeryVNlJJy,L01AA03 ,BDyyDjJkZDqNPwhohjlw,2020-07-09,324,2012-07-19,2021-09-24
iIfNXJChDJXyVaVwPzlu,D01AC13 ,MtfvEEWgHgDPlsmsYfXS,2002-12-01,6258,1934-07-21,2008-02-02
nLZWwsJCEfvDtpDQuQDB,A07AA11 ,UooTrGtDpJzCnqztmvsO,1994-04-19,6833,1951-02-04,1985-02-17
uhQxixhJAgYvJRKSjjgO,S02AA15 ,nWVmbtiHODqsNUNwcXgX,1994-03-06,8822,2002-05-21,2022-03-20
HbIWNBSKduKdEvFoOxzu,J01MA03 ,JMXVaqAaesAoCxDBShKm,2009-01-16,1750,1928-10-22,1974-12-26
JkxPBCTsVDsCPuEufZka,S01CA01 ,PyqIbFSGclhZWHorgzkv,2004-09-04,5846,1977-06-30,1991-02-22
BLvoTIWcxzJTiDafyAYL,L01XX08 ,XBTWXHQPePjZTrilpohZ,2009-06-24,1646,1990-10-17,2013-06-19
JXKiTAnUtKpPpzTjaXMv,A06AD ,mCnDDbKIamCSRUKFhqiQ,1997-05-17,8309,1905-04-30,1929-01-20
DkpOratzhBlzUXRNUulb,L02BG04 ,tCyKOhgzFZMdpcaAswJn,1994-01-09,669,2001-03-23,2016-10-31
umnBSKdAZYhsQZecwrgW,L03AB11 ,VICrvhuvBJeYujaRejpP,2002-12-10,381,1924-02-12,1925-08-25
UUuKixtYkZnieaHNMSyX,J05AX12 ,RBSRjlLovvdjBdkxklxL,2012-01-06,8409,1961-06-11,1977-02-22
uyotNIpRmNiKTbtMnLDz,J01BA01 ,LRuypnmbTwXtqcDqxsWr,2017-10-28,5347,1939-11-30,1976-06-14
qacBRPwvAXUYDHjRkfZQ,L01XE17 ,HuIeNCUoiEJQZezczAhN,2018-12-27,5533,1985-02-06,1995-12-31
sqJwzhQBqJPafbjsqFkE,J01CR04 ,HxORQTAXbpjATTyeFQaD,2020-12-19,2476,1950-03-17,1975-10-26
ResmlbkMTKXrYUeUPKWP,N06DX01 ,HUPobwiOjZRPipQhTUEb,1995-09-15,4130,1936-08-20,1972-12-21
wWHSinrIzpsdkhwKWJoj,G02AD06 ,CDfUzTqpTGciYFEdDjkJ,2014-02-01,5594,1915-03-16,1919-10-22
ZpBMvAVKLBCvzzufiPOy,XCONO ,ekCVOgbWnFfLHBOfJtcM,2000-05-06,577,2011-03-06,2020-11-18
KNPTIMCNDkUndPManZKm,26H07 ,nmyUdbbMprgnpEVYHdjS,1996-05-22,8754,1902-06-18,1948-04-13
NAbzJueayziQsHtAFsEH,R06AD01 ,ohFPlzqzQRJHHLReRNtP,1996-07-18,3259,1953-12-20,1960-11-09
rgbGtQyOynFGFHYGiihZ,N06AA09 ,gVhctaTEbfyQFRyGTylU,2000-01-29,2571,1951-03-28,1999-01-02
oCGcHYOtlLHAKaoThpjC,B01A2 ,ZFHNzpJGkoKQHRsvAmeM,1994-11-30,4522,1950-07-07,1958-03-11
GrbMBDXEeISVjCryFpNA,N06AF04 ,VWEeYmPdtoDzrKfhPSUf,2010-06-07,6727,1912-05-18,1953-05-29
NOvkBNXgaaNWoEWjsJXg,A10BK02 ,zvyuqhymrAGVcEqVXGWR,2006-03-22,9323,1955-11-11,2021-09-08
SylDGAeWlqtnjjUhcLAJ,N05AC01 ,LmZEOVrVSsCglwLPncNz,1996-09-08,9506,1901-08-15,2021-06-26
WRQzgkPrPnMflpuExzig,D07B3 ,gHqBYApRGPxtvSWZPpmt,2011-07-30,3556,1906-07-05,1909-06-28
KamEfdStvlhTOHgpDzCu,P01BB51 ,zkhjiAvHREJkCYvBMxSh,2016-03-01,8795,2008-09-17,2012-08-08
CLwOZbuMNmmUsRrKBNYo,C09CA07 ,LqmMfTlJfggaaygrtFaW,2009-06-18,6873,1941-06-25,1972-05-15
FVJNrFxGiKfOmxMslBjm,J02AB02 ,mqBFCluLgZUaNjFiQEIv,2004-12-06,5643,2003-02-18,2016-02-18
XVJUwvqpYRnUYBXWDFgu,N01AB06 ,rlOahvmuOjwXzwitEUTR,2009-11-06,7161,1973-02-26,2019-06-24
BQtPZwwppAtmIdRQjXnj,C01EB03 ,kryBnIXiEtUHPONNOgxX,2010-09-12,8176,2016-01-15,2018-06-08
FHbocNtBuFEYsfwscuSS,26H03 ,xMTvLIgRSxqdjpJEezzl,2000-10-01,6915,1917-04-26,1953-02-15
qTqHDxWKlwouPEKzuQae,C10AB91 ,NgbNqgFgxkDBzsNgWzuM,2001-12-31,8846,1918-09-17,1981-01-02
ZZlfuUrFyrvvEjmxayAB,A07CA91 ,zFirSmsEKwuvmuMJOWdr,2012-10-02,3036,1983-04-22,1989-12-05
fpqpNCJAOAgajZOdkrWU,N06BC01 ,FeWCHQbesPRZmnHaGFDg,1998-02-02,2146,1906-09-08,1966-01-11
WbOMdUJEYtHUyZbfklGr,19A02 ,foqiJYsZhbLtaWhvqobI,2010-12-01,6304,1943-07-24,1964-07-11
JJOtXmnnSgzLjzhMmOOK,A03AX ,eQQBdzSwcFZwjpfABmYl,2022-06-10,4740,1999-01-22,2000-07-22
spPHxFiESYFspSAfgsBy,A03AB06 ,micpSehkrtDDyQYcALSC,2011-05-21,1890,1973-02-02,1985-05-08
OeXFNdcdtFCDvycKstss,A10BD08 ,HKLylCxHLCPKzfIcAAvz,2017-10-29,4687,1926-07-21,1997-05-29
JpZUVFyYRKopIKghGLKP,V09IA02 ,rwAshaeWZKjpdDLepPHN,2008-03-14,3981,2010-07-10,2017-02-21
sjluveVHWKYTNSMJRuUI,D07AC12 ,djHHRMDZdVBQmMmeaaMt,2005-05-04,6879,1984-10-16,2006-10-10
hGcrzpXjWcloXJGvBaLD,A12A ,maXTRlTNTgUlmtxjSXgT,1995-11-13,6610,1964-02-23,1972-12-08
YqepVroEmfGSnOnvJyFK,J05AP08 ,mqJukOVnHNlFhAOOcxrV,2010-03-16,3968,1900-10-30,2005-02-07
URrixgjvqwjwyikKkOGJ,D08AX08 ,hmffjCGbMNlHQbfIDxhf,2016-11-30,5925,1916-03-02,1990-03-01
sAyPkKwNoUEeqrHClvVM,B03BB01 ,uplOSWrayDntffOvVYJM,2019-01-14,1066,1992-07-09,2019-10-03
QtDyDoiIxwzhpcCykIZa,B03AD02 ,SiMVeaoaypDlhrRGwwmb,2011-11-19,8637,1963-11-05,1976-11-09
LOltfpzzRCDYqBnIJxwu,A11CC06 ,UNOMXFwpeOlcuKrMJaSg,2020-07-16,4113,1931-11-30,1966-05-23
ZnispbcfdadhUEPOlwQW,B01AC18 ,WahHdqNEyTyGciGmgeTh,2001-11-01,726,2012-11-14,2020-02-23
meFZGyosPAmTtBVwjUnf,R05FA02 ,czLBLMWVyZqmSAVEUzvV,2015-10-10,8982,1900-02-24,1960-03-19
SCQbRIDzULbIsxWDcGGy,D01AC52 ,RuviAaLPYBmLoMqLvJuQ,2000-10-10,5127,1939-01-24,1956-04-01
hjqCENqWEaFIPXxnIzMJ,L04AA11 ,yqTzqjbVPSVfLGHjqHHt,2004-11-08,2822,2010-10-22,2012-04-15
kAlbiELTAnKfltPtZBhC,J02AX05 ,IzwXDGuWWDnqYGbVdJBZ,2003-01-13,3060,1919-07-08,1967-07-08
HoLYIhkbByoLuAKsZYwA,C07BB07 ,ewIOLoXYMqMwYioUFIWE,2001-07-12,4004,1988-01-13,2013-08-14
cIgxqpshWLWehZvgsVea,S01CA05 ,FfmzJEXTcQgMPhjvqSSC,2014-03-24,5197,1975-07-18,1981-02-06
klyoPwunWwnvsDYGiVqu,M01AE13 ,rtZGQDRfIKbYAAZTrSrz,1999-01-20,3226,1983-10-12,1984-03-18
LCuWwnYufsHkSJaiQtoD,25B07 ,eCgbOuhgWcTlPLgJYttl,2004-05-09,1584,1925-01-14,1980-11-22
qnulUZOJMVCXHHpKtDpY,M01AB03 ,vbFnUXaeKVTIvOPvrCFD,2012-05-07,854,1999-12-08,2006-10-22
kbKXGdGQniNwmOpXEQAd,S01EC02 ,xlwboIIPugKsnsmtlZTh,2015-03-13,2607,1926-10-19,1934-04-23
ppYoxIdxohTucWWWOolK,A07AA10 ,PrIkhypImqXRUBUmoDJt,2005-12-26,6374,2005-03-19,2009-03-19
DHmaWxxvgttsQkojfHKV,N06BC01 ,SYlYKrBYvUMwCJnBEgLG,2007-03-07,6183,2001-09-27,2014-01-12
